No,レア,カード名,card_number,買取金額,更新日,弾,ラッシュ販売価格,ラッシュ在庫状況,画像URL,期待利益,鑑定費,手取り利益,利益率,月換算利益率
113/076,MUR,メガレックウザex,113/076,120000,10/1,,94800,在庫あり (20枚),https://www.cardrush-pokemon.jp/data/cardrushpokemon/_/70726f647563742f43524d365f3033372e6a7067003136300000660023666666666666.jpg,25200,3000,22200,22.7,11.3
092/063,MUR,メガサーナイトex,092/063,72000,10/1,,47800,在庫あり (58枚),https://www.cardrush-pokemon.jp/data/cardrushpokemon/_/70726f647563742f4d31534d314c5f35382e6a7067003136300000660023666666666666.jpg,24200,3000,21200,41.7,20.9
129/098,SAR,ロケット団のサカキ,129/098,11000,9/23,,3980,在庫あり (17枚),https://www.cardrush-pokemon.jp/data/cardrushpokemon/_/70726f647563742f7376313061725f342e6a7067003136300000660023666666666666.jpg,7020,3000,4020,57.6,28.8
089/063,SAR,ヒビキの冒険,089/063,12000,9/23,,6480,在庫あり (39枚),https://www.cardrush-pokemon.jp/data/cardrushpokemon/_/70726f647563742f535639615f342e6a7067003136300000660023666666666666.jpg,5520,3000,2520,26.6,13.3
229/187,SAR,カキツバタ,229/187,6000,9/23,,780,在庫あり (112枚),https://www.cardrush-pokemon.jp/data/cardrushpokemon/_/70726f647563742f5356386153415255525f34322e6a7067003136300000660023666666666666.jpg,5220,3000,2220,58.7,29.4
086/064,SR,ルチアのアピール,086/064,10000,9/23,,2980,在庫あり (96枚),https://www.cardrush-pokemon.jp/data/cardrushpokemon/_/70726f647563742f535637615f392e6a7067003136300000660023666666666666.jpg,7020,3000,4020,67.2,33.6
131/102,SAR,タロ SV7,131/102,13000,9/23,,4280,在庫あり (36枚),https://www.cardrush-pokemon.jp/data/cardrushpokemon/_/70726f647563742f50526530325f32362e6a7067003136300000660023666666666666.jpg,8720,3000,5720,78.6,39.3
129/101,SAR,スグリ SV6,129/101,12000,9/23,,3980,在庫あり (24枚),https://www.cardrush-pokemon.jp/data/cardrushpokemon/_/70726f647563742f5356362d352e6a7067003136300000660023666666666666.jpg,8020,3000,5020,71.9,36.0
130/101,SAR,ゼイユ,130/101,38000,9/23,,18800,在庫あり (16枚),https://www.cardrush-pokemon.jp/data/cardrushpokemon/_/70726f647563742f5356362d342e6a7067003136300000660023666666666666.jpg,19200,3000,16200,74.3,37.2
097/071,SAR,ベルのまごころ,097/071,16000,9/23,,5280,在庫あり (58枚),https://www.cardrush-pokemon.jp/data/cardrushpokemon/_/70726f647563742f43525356354d5f32362e6a7067003136300000660023666666666666.jpg,10720,3000,7720,93.2,46.6
097/071,SAR,マツバの確信,097/071,13000,9/23,,7480,在庫あり (56枚),https://www.cardrush-pokemon.jp/data/cardrushpokemon/_/70726f647563742f43525356354b5f32362e6a7067003136300000660023666666666666.jpg,5520,3000,2520,24.0,12.0
080/071,AR,ゴース,080/071,9000,9/23,,3980,在庫あり (2枚),https://www.cardrush-pokemon.jp/data/cardrushpokemon/_/70726f647563742f43525356354b5f392e6a7067003136300000660023666666666666.jpg,5020,3000,2020,28.9,14.5
087/062,SAR,サーフゴーex,087/062,12000,9/23,,4480,在庫あり (43枚),https://www.cardrush-pokemon.jp/data/cardrushpokemon/_/70726f647563742f4352535633615f362e6a7067003136300000660023666666666666.jpg,7520,3000,4520,60.4,30.2
089/062,SAR,パラソルおねえさん,089/062,14000,9/23,,6980,在庫あり (42枚),https://www.cardrush-pokemon.jp/data/cardrushpokemon/_/70726f647563742f4352535633615f342e6a7067003136300000660023666666666666.jpg,7020,3000,4020,40.3,20.1
105/078,SAR,ミモザ,105/078,18000,10/1,,9480,在庫あり (51枚),https://www.cardrush-pokemon.jp/data/cardrushpokemon/_/70726f647563742f535631565f5341525f302e6a7067003136300000660023666666666666.jpg,8520,3000,5520,44.2,22.1
239/172,SAR,シロナの覇気,239/172,10000,9/29,,4480,在庫あり (36枚),https://www.cardrush-pokemon.jp/data/cardrushpokemon/_/70726f647563742f43525f533132615f32342e6a7067003136300000660023666666666666.jpg,5520,3000,2520,33.7,16.8
088/071,CSR,ラブトロスV(SA),088/071,7000,9/14,,1980,在庫あり (1枚),https://www.cardrush-pokemon.jp/data/cardrushpokemon/_/70726f647563742f533130613038382d3037312e6a7067003136300000660023666666666666.jpg,5020,3000,2020,40.6,20.3
075/067,SR,オリジンディアルガV(SA),075/067,20000,9/14,,9980,在庫あり (40枚),https://www.cardrush-pokemon.jp/data/cardrushpokemon/_/70726f647563742f533130443037353036372e6a7067003136300000660023666666666666.jpg,10020,3000,7020,54.1,27.0
078/067,SR,ナタネの活気,078/067,8000,9/14,,2480,在庫あり (30枚),https://www.cardrush-pokemon.jp/data/cardrushpokemon/_/70726f647563742f533130443037383036372e6a7067003136300000660023666666666666.jpg,5520,3000,2520,46.0,23.0
083/067,CSR,スターミーV(SA),083/067,28000,9/14,,15800,在庫あり (26枚),https://www.cardrush-pokemon.jp/data/cardrushpokemon/_/70726f647563742f5339613038333036372e6a7067003136300000660023666666666666.jpg,12200,3000,9200,48.9,24.5
084/067,CSR,ガブリアスV(SA),084/067,13000,9/14,,7480,在庫あり (45枚),https://www.cardrush-pokemon.jp/data/cardrushpokemon/_/70726f647563742f5339613038343036372e6a7067003136300000660023666666666666.jpg,5520,3000,2520,24.0,12.0
120/100,HR,アルセウスVSTAR,120/100,8000,9/14,,2580,在庫あり (18枚),https://www.cardrush-pokemon.jp/data/cardrushpokemon/_/70726f647563742f73395f3232303131335f372e6a7067003136300000660023666666666666.jpg,5420,3000,2420,43.4,21.7
278/184,UR,はくばバドレックスVMAX,278/184,7000,9/14,,1180,在庫あり (6枚),https://www.cardrush-pokemon.jp/data/cardrushpokemon/_/70726f647563742f535f5f36383234383333382e6a7067003136300000660023666666666666.jpg,5820,3000,2820,67.5,33.7
230/184,CSR,ガラルフリーザーV,230/184,6500,9/14,,1480,在庫あり (42枚),https://www.cardrush-pokemon.jp/data/cardrushpokemon/_/70726f647563742f535f5f36383234383336332e6a7067003136300000660023666666666666.jpg,5020,3000,2020,45.1,22.5
231/184,CSR,ニンフィアV,231/184,12000,9/14,,5980,在庫あり (91枚),https://www.cardrush-pokemon.jp/data/cardrushpokemon/_/70726f647563742f535f5f36383234383336342e6a7067003136300000660023666666666666.jpg,6020,3000,3020,33.6,16.8
232/184,CSR,ニンフィアVMAX,232/184,18000,9/14,,8980,在庫あり (61枚),https://www.cardrush-pokemon.jp/data/cardrushpokemon/_/70726f647563742f535f5f36383234383336352e6a7067003136300000660023666666666666.jpg,9020,3000,6020,50.3,25.1
233/184,CSR,ミミッキュV,233/184,15000,9/14,,5980,在庫あり (76枚),https://www.cardrush-pokemon.jp/data/cardrushpokemon/_/70726f647563742f535f5f36383234383336362e6a7067003136300000660023666666666666.jpg,9020,3000,6020,67.0,33.5
250/184,CSR,ザシアンV,250/184,7000,9/14,,1680,在庫あり (45枚),https://www.cardrush-pokemon.jp/data/cardrushpokemon/_/70726f647563742f535f5f36383234383338352e6a7067003136300000660023666666666666.jpg,5320,3000,2320,49.6,24.8
255/184,SR,アセロラの予感,255/184,10000,9/14,,4980,在庫あり (85枚),https://www.cardrush-pokemon.jp/data/cardrushpokemon/_/70726f647563742f535f5f36383234383339302e6a7067003136300000660023666666666666.jpg,5020,3000,2020,25.3,12.7
276/184,SR,ユウリ,276/184,12000,9/14,,5980,在庫あり (52枚),https://www.cardrush-pokemon.jp/data/cardrushpokemon/_/70726f647563742f535f5f36383234383431332e6a7067003136300000660023666666666666.jpg,6020,3000,3020,33.6,16.8
277/184,SR,ルリナ,277/184,9000,9/14,,2180,在庫あり (32枚),https://www.cardrush-pokemon.jp/data/cardrushpokemon/_/70726f647563742f535f5f36383234383431342e6a7067003136300000660023666666666666.jpg,6820,3000,3820,73.7,36.9
001/028,–,ピカチュウ(25thミラー),001/028,7000,9/14,,1480,在庫あり (1枚),https://www.cardrush-pokemon.jp/data/cardrushpokemon/_/70726f647563742f3172757368705338613030313032382e6a7067003136300000660023666666666666.jpg,5520,3000,2520,56.2,28.1
122/100,HR,カミツレのきらめき,122/100,6600,9/14,,1580,在庫あり (28枚),https://www.cardrush-pokemon.jp/data/cardrushpokemon/_/70726f647563742f535f5f36373838373137382e6a7067003136300000660023666666666666.jpg,5020,3000,2020,44.1,22.1
079/067,SR,ヒガナの決意,079/067,10000,9/14,,4980,在庫あり (35枚),https://www.cardrush-pokemon.jp/data/cardrushpokemon/_/70726f647563742f7337523031322e6a7067003136300000660023666666666666.jpg,5020,3000,2020,25.3,12.7
077/069,SR,グレイシアV（SA),077/069,24000,9/14,,15800,在庫あり (15枚),https://www.cardrush-pokemon.jp/data/cardrushpokemon/_/70726f647563742f32303231303532375f6538323536632e6a7067003136300000660023666666666666.jpg,8200,3000,5200,27.7,13.8
082/069,SR,ニンフィアV,082/069,11000,9/14,,3280,在庫あり (34枚),https://www.cardrush-pokemon.jp/data/cardrushpokemon/_/70726f647563742f32303231303532375f6533353334612e6a7067003136300000660023666666666666.jpg,7720,3000,4720,75.2,37.6
083/069,SR,ニンフィアV(SA),083/069,35000,9/14,,24800,在庫あり (21枚),https://www.cardrush-pokemon.jp/data/cardrushpokemon/_/70726f647563742f32303231303532375f3337663337302e6a7067003136300000660023666666666666.jpg,10200,3000,7200,25.9,12.9
079/070,SR,トルネロスV(SA),079/070,9000,9/14,,3980,在庫あり (27枚),https://www.cardrush-pokemon.jp/data/cardrushpokemon/_/70726f647563742f7336483030392e6a7067003136300000660023666666666666.jpg,5020,3000,2020,28.9,14.5
080/070,SR,アスナ,080/070,10000,9/14,,1680,在庫あり (4枚),https://www.cardrush-pokemon.jp/data/cardrushpokemon/_/70726f647563742f7336483031302e6a7067003136300000660023666666666666.jpg,8320,3000,5320,113.7,56.8
079/070,SR,コルニの気合い,079/070,12000,9/14,,3980,在庫あり (20枚),https://www.cardrush-pokemon.jp/data/cardrushpokemon/_/70726f647563742f32303231303132325f6530326431372e6a7067003136300000660023666666666666.jpg,8020,3000,5020,71.9,36.0
073/070,SR,ミミッキュV,073/070,16000,9/14,,3280,在庫なし,https://www.cardrush-pokemon.jp/data/cardrushpokemon/_/70726f647563742f7335492d53525f3231303132315f322e6a70670031363000534f4c44204f555400660023666666666666.jpg,12720,3000,9720,154.8,77.4
077/070,SR,バンギラスV(SA),077/070,70000,9/14,,44800,在庫あり (21枚),https://www.cardrush-pokemon.jp/data/cardrushpokemon/_/70726f647563742f7335492d53525f3231303132315f362e6a7067003136300000660023666666666666.jpg,25200,3000,22200,46.4,23.2
327/190,UR,ムゲンダイナV,327/190,9000,9/14,,1580,在庫あり (1枚),https://www.cardrush-pokemon.jp/data/cardrushpokemon/_/70726f647563742f534853545653303332372e6a7067003136300000660023666666666666.jpg,7420,3000,4420,96.5,48.3
307/190,SSR,リザードンV,307/190,28000,9/14,,14800,在庫あり (27枚),https://www.cardrush-pokemon.jp/data/cardrushpokemon/_/70726f647563742f534853545653303330372e6a7067003136300000660023666666666666.jpg,13200,3000,10200,57.3,28.7
323/190,SSR,メタモンV,323/190,10000,9/14,,2180,在庫あり (26枚),https://www.cardrush-pokemon.jp/data/cardrushpokemon/_/70726f647563742f534853545653303332332e6a7067003136300000660023666666666666.jpg,7820,3000,4820,93.1,46.5
324/190,SSR,メタモンVMAX,324/190,8000,9/14,,2380,在庫あり (59枚),https://www.cardrush-pokemon.jp/data/cardrushpokemon/_/70726f647563742f534853545653303332342e6a7067003136300000660023666666666666.jpg,5620,3000,2620,48.7,24.3
195/190,SR,フウロ,195/190,9000,9/14,,3980,在庫あり (24枚),https://www.cardrush-pokemon.jp/data/cardrushpokemon/_/70726f647563742f534853545653303139352e6a7067003136300000660023666666666666.jpg,5020,3000,2020,28.9,14.5
197/190,SR,ポケモンごっこ,197/190,11000,9/14,,2580,在庫あり (36枚),https://www.cardrush-pokemon.jp/data/cardrushpokemon/_/70726f647563742f534853545653303139372e6a7067003136300000660023666666666666.jpg,8420,3000,5420,97.1,48.6
114/100,HR,ピカチュウVMAX,114/100,70000,9/14,,29800,在庫なし,https://www.cardrush-pokemon.jp/data/cardrushpokemon/_/70726f647563742f32303232303130345f3631633439342e6a70670031363000534f4c44204f555400660023666666666666.jpg,40200,10000,30200,75.9,
015/076,A,ライコウ,015/076,10000,9/14,,4980,在庫あり (19枚),https://www.cardrush-pokemon.jp/data/cardrushpokemon/_/70726f647563742f7333613031352e6a7067003136300000660023666666666666.jpg,5020,3000,2020,25.3,12.7
066/060,SR,カビゴンV,066/060,10800,9/29,,3480,在庫あり (3枚),https://www.cardrush-pokemon.jp/data/cardrushpokemon/_/70726f647563742f7331685f32303139313230355f303030362e6a7067003136300000660023666666666666.jpg,7320,3000,4320,66.7,33.3
132/S-P,P,ピカチュウ,132/S-P,60000,9/29,,16800,在庫なし,https://www.cardrush-pokemon.jp/data/cardrushpokemon/_/70726f647563742f32303230313032345f3839356466612e6a70670031363000534f4c44204f555400660023666666666666.jpg,43200,10000,33200,123.9,
140/S-P,P,マリィ,140/S-P,15000,9/29,,8480,在庫あり (15枚),https://www.cardrush-pokemon.jp/data/cardrushpokemon/_/70726f647563742f32303230313131395f3930666161662e6a7067003136300000660023666666666666.jpg,6520,3000,3520,30.7,15.3
243/S-P,P,ビクティニV,243/S-P,24000,9/29,,13800,在庫なし,https://www.cardrush-pokemon.jp/data/cardrushpokemon/_/70726f647563742f32303231313231385f3731373863352e6a70670031363000534f4c44204f555400660023666666666666.jpg,10200,3000,7200,42.9,21.4
001/015,P,ピカチュウV,001/015,78000,9/29,,34800,在庫なし,https://www.cardrush-pokemon.jp/data/cardrushpokemon/_/70726f647563742f50696b616368753030313031352e6a70670031363000534f4c44204f555400660023666666666666.jpg,43200,10000,33200,74.1,
222/173,UR,ミュウツー＆ミュウGX,222/173,100000,10/4,,72800,在庫なし,https://www.cardrush-pokemon.jp/data/cardrushpokemon/_/70726f647563742f3034302e6a70670031363000534f4c44204f555400660023666666666666.jpg,27200,3000,24200,31.9,16.0
219/173,HR,イーブイGX,219/173,40000,10/4,,29800,在庫あり (2枚),https://www.cardrush-pokemon.jp/data/cardrushpokemon/_/70726f647563742f3033372e6a7067003136300000660023666666666666.jpg,10200,3000,7200,22.0,11.0
175/173,SR,デデンネGX(SA),175/173,32000,10/4,,17800,在庫あり (25枚),https://www.cardrush-pokemon.jp/data/cardrushpokemon/_/70726f647563742f3030322e6a7067003136300000660023666666666666.jpg,14200,3000,11200,53.8,26.9
176/173,SR,エーフィ＆デオキシスGX,176/173,15000,10/4,,8980,在庫あり (7枚),https://www.cardrush-pokemon.jp/data/cardrushpokemon/_/70726f647563742f3030332e6a7067003136300000660023666666666666.jpg,6020,3000,3020,25.2,12.6
180/173,SR,ジラーチGX,180/173,9000,10/4,,3580,在庫あり (2枚),https://www.cardrush-pokemon.jp/data/cardrushpokemon/_/70726f647563742f3030372e6a7067003136300000660023666666666666.jpg,5420,3000,2420,36.8,18.4
187/173,SR,イーブイGX,187/173,16000,10/4,,9480,在庫あり (12枚),https://www.cardrush-pokemon.jp/data/cardrushpokemon/_/70726f647563742f3031342e6a7067003136300000660023666666666666.jpg,6520,3000,3520,28.2,14.1
070/064,SR,カメックス＆ポッチャマGX(SA),070/064,75000,10/4,,54800,在庫あり (1枚),https://www.cardrush-pokemon.jp/data/cardrushpokemon/_/70726f647563742f736d313161323030362e6a7067003136300000660023666666666666.jpg,20200,3000,17200,29.8,14.9
096/094,SR,ヤドン＆コダックGX(SA),096/094,110000,10/4,,62800,在庫あり (10枚),https://www.cardrush-pokemon.jp/data/cardrushpokemon/_/70726f647563742f32303139303732385f3834323834632e6a7067003136300000660023666666666666.jpg,47200,10000,37200,51.1,
102/094,SR,メガヤミラミ＆バンギラスGX(SA),102/094,58000,10/4,,44800,在庫あり (13枚),https://www.cardrush-pokemon.jp/data/cardrushpokemon/_/70726f647563742f32303139303732385f6262316165362e6a7067003136300000660023666666666666.jpg,13200,3000,10200,21.3,10.7
060/054,SR,ファイヤー＆サンダー＆フリーザーGX(SA),060/054,240000,10/4,,138000,在庫あり (2枚),https://www.cardrush-pokemon.jp/data/cardrushpokemon/_/70726f647563742f32303139303432355f3236366530392e6a7067003136300000660023666666666666.jpg,102000,10000,92000,62.2,
060/054,SR,ガブリアス＆ギラティナGX(SA),060/054,75000,10/4,,49800,在庫あり (6枚),https://www.cardrush-pokemon.jp/data/cardrushpokemon/_/70726f647563742f736d3130613036302e6a7067003136300000660023666666666666.jpg,25200,3000,22200,42.0,21.0
056/054,SR,フェローチェ＆マッシブーンGX(SA),056/054,28000,10/4,,9280,在庫あり (20枚),https://www.cardrush-pokemon.jp/data/cardrushpokemon/_/70726f647563742f736d39622d3035362e6a7067003136300000660023666666666666.jpg,18720,3000,15720,128.0,64.0
059/054,SR,ルカリオ＆メルメタルGX(SA),059/054,34000,10/4,,23800,在庫あり (16枚),https://www.cardrush-pokemon.jp/data/cardrushpokemon/_/70726f647563742f736d39622d3035392e6a7067003136300000660023666666666666.jpg,10200,3000,7200,26.9,13.4
061/054,SR,ブルーの探索,061/054,35000,10/4,,23800,在庫あり (13枚),https://www.cardrush-pokemon.jp/data/cardrushpokemon/_/70726f647563742f736d39622d3036312e6a7067003136300000660023666666666666.jpg,11200,3000,8200,30.6,15.3
059/055,SR,ゲッコウガ＆ゾロアークGX(SA),059/055,68000,10/4,,34800,在庫あり (22枚),https://www.cardrush-pokemon.jp/data/cardrushpokemon/_/70726f647563742f535f5f333634353533332e6a7067003136300000660023666666666666.jpg,33200,10000,23200,51.8,
061/055,SR,サーナイト＆ニンフィアGX(SA),061/055,160000,10/4,,118000,在庫あり (2枚),https://www.cardrush-pokemon.jp/data/cardrushpokemon/_/70726f647563742f535f5f333634353533352e6a7067003136300000660023666666666666.jpg,42000,10000,32000,25.0,
097/095,SR,セレビィ＆フシギバナGX(SA),097/095,58000,10/4,,32800,在庫あり (21枚),https://www.cardrush-pokemon.jp/data/cardrushpokemon/_/70726f647563742f736d393039372e6a7067003136300000660023666666666666.jpg,25200,3000,22200,62.0,31.0
060/050,HR,ミミッキュGX,060/050,50000,10/4,,20800,在庫なし,https://www.cardrush-pokemon.jp/data/cardrushpokemon/_/70726f647563742f6d696d696b6b797568722e6a70670031363000534f4c44204f555400660023666666666666.jpg,29200,3000,26200,110.1,55.0
070/066,SR,ナタネ,070/066,40000,10/4,,29800,在庫あり (4枚),https://www.cardrush-pokemon.jp/data/cardrushpokemon/_/70726f647563742f6e6174616e657372322e6a7067003136300000660023666666666666.jpg,10200,3000,7200,22.0,11.0
118/114,SR,スイレン,118/114,100000,10/4,,59800,在庫あり (4枚),https://www.cardrush-pokemon.jp/data/cardrushpokemon/_/70726f647563742f73756972656e6e7372392e6a7067003136300000660023666666666666.jpg,40200,10000,30200,43.3,
059/051,HR,ホウオウGX,059/051,58000,10/4,,37800,在庫あり (2枚),https://www.cardrush-pokemon.jp/data/cardrushpokemon/_/70726f647563742f686f756f756872312e6a7067003136300000660023666666666666.jpg,20200,3000,17200,42.2,21.1
063/049,HR,ダークライGX,063/049,40000,10/4,,29800,在庫なし,https://www.cardrush-pokemon.jp/data/cardrushpokemon/_/70726f647563742f64612d6b7572616968722e6a70670031363000534f4c44204f555400660023666666666666.jpg,10200,3000,7200,22.0,11.0
064/051,HR,ニンフィアGX,064/051,400000,10/4,,248000,在庫あり (3枚),https://www.cardrush-pokemon.jp/data/cardrushpokemon/_/70726f647563742f6e6966696168722e6a7067003136300000660023666666666666.jpg,152000,10000,142000,55.0,
057/051,SR,ニンフィアGX,057/051,75000,10/4,,52800,在庫あり (1枚),https://www.cardrush-pokemon.jp/data/cardrushpokemon/_/70726f647563742f6e696e6e666973722e6a7067003136300000660023666666666666.jpg,22200,3000,19200,34.4,17.2
137/SM-P,PROMO,ポンチョを着たイーブイ(シャワーズ),137/SM-P,300000,10/4,,168000,在庫なし,https://www.cardrush-pokemon.jp/data/cardrushpokemon/_/70726f647563742f692d6275693137322e6a70670031363000534f4c44204f555400660023666666666666.jpg,132000,10000,122000,68.5,
138/SM-P,PROMO,ポンチョを着たイーブイ(サンダース),138/SM-P,250000,10/4,,118000,在庫なし,https://www.cardrush-pokemon.jp/data/cardrushpokemon/_/70726f647563742f692d6275693133382e6a70670031363000534f4c44204f555400660023666666666666.jpg,132000,10000,122000,95.3,
139/SM-P,PROMO,ポンチョを着たイーブイ(ブースター),139/SM-P,250000,10/4,,118000,在庫なし,https://www.cardrush-pokemon.jp/data/cardrushpokemon/_/70726f647563742f692d6275693133392e6a70670031363000534f4c44204f555400660023666666666666.jpg,132000,10000,122000,95.3,
140/SM-P,PROMO,ポンチョを着たイーブイ(エーフィ),140/SM-P,250000,10/4,,108000,在庫なし,https://www.cardrush-pokemon.jp/data/cardrushpokemon/_/70726f647563742f692d6275693134302e6a70670031363000534f4c44204f555400660023666666666666.jpg,142000,10000,132000,111.9,
141/SM-P,PROMO,ポンチョを着たイーブイ(ブラッキー),141/SM-P,350000,10/4,,168000,在庫なし,https://www.cardrush-pokemon.jp/data/cardrushpokemon/_/70726f647563742f692d6275693134312e6a70670031363000534f4c44204f555400660023666666666666.jpg,182000,10000,172000,96.6,
142/SM-P,PROMO,ポンチョを着たイーブイ(リーフィア),142/SM-P,250000,10/4,,108000,在庫なし,https://www.cardrush-pokemon.jp/data/cardrushpokemon/_/70726f647563742f692d6275693134322e6a70670031363000534f4c44204f555400660023666666666666.jpg,142000,10000,132000,111.9,
143/SM-P,PROMO,ポンチョを着たイーブイ(グレイシア),143/SM-P,200000,10/4,,108000,在庫なし,https://www.cardrush-pokemon.jp/data/cardrushpokemon/_/70726f647563742f692d6275693134332e6a70670031363000534f4c44204f555400660023666666666666.jpg,92000,10000,82000,69.5,
144/SM-P,PROMO,ポンチョを着たイーブイ(ニンフィア),144/SM-P,300000,10/4,,138000,在庫なし,https://www.cardrush-pokemon.jp/data/cardrushpokemon/_/70726f647563742f692d6275693134342e6a70670031363000534f4c44204f555400660023666666666666.jpg,162000,10000,152000,102.7,
287/SM-P,PROMO,イーブイ(ムンク),287/SM-P,450000,10/4,,348000,在庫なし,https://www.cardrush-pokemon.jp/data/cardrushpokemon/_/70726f647563742f32303138313132365f6439633866372e6a70670031363000534f4c44204f555400660023666666666666.jpg,102000,10000,92000,25.7,
286/SM-P,PROMO,コダック(ムンク),286/SM-P,750000,10/4,,398000,在庫あり (3枚),https://www.cardrush-pokemon.jp/data/cardrushpokemon/_/70726f647563742f32303138313132365f6561353866362e6a7067003136300000660023666666666666.jpg,352000,10000,342000,83.8,
407/SM-P,PROMO,漫才ごっこピカチュウ,407/SM-P,85000,10/4,,57800,在庫なし,https://www.cardrush-pokemon.jp/data/cardrushpokemon/_/70726f647563742f32303139303932305f3364363538662e6a70670031363000534f4c44204f555400660023666666666666.jpg,27200,3000,24200,39.8,19.9
365/SM-P,PROMO,アーマードミュウツー,365/SM-P,65000,10/4,,3980,在庫なし,https://www.cardrush-pokemon.jp/data/cardrushpokemon/_/70726f647563742f32303139303730355f3332323763322e6a70670031363000534f4c44204f555400660023666666666666.jpg,61020,10000,51020,364.9,
