No,レア,カード名,card_number,買取金額,更新日,弾,ラッシュ販売価格,ラッシュ在庫状況,画像URL,期待利益
766/742,MUR,メガリザードンYex,766/742,660000,2/11,,428000,在庫なし,https://www.cardrush-pokemon.jp/data/cardrushpokemon/_/70726f647563742f32303235313231385f3434653536632e6a70670031363000534f4c44204f555400660023666666666666.jpg,232000
764/742,SAR,ピカチュウex,764/742,170000,2/11,,118000,在庫なし,https://www.cardrush-pokemon.jp/data/cardrushpokemon/_/70726f647563742f6d4341525f32322e6a70670031363000534f4c44204f555400660023666666666666.jpg,52000
765/742,SAR,リーリエのピッピex,765/742,110000,2/11,,72800,在庫あり (4枚),https://www.cardrush-pokemon.jp/data/cardrushpokemon/_/70726f647563742f6d4341525f32332e6a7067003136300000660023666666666666.jpg,37200
250/193,MUR,メガカイリューex,250/193,62000,2/11,,39800,在庫あり (20枚),https://www.cardrush-pokemon.jp/data/cardrushpokemon/_/70726f647563742f6d3261736172312e6a7067003136300000660023666666666666.jpg,22200
234/193,SAR,ピカチュウex,234/193,56000,2/11,,37800,在庫あり (4枚),https://www.cardrush-pokemon.jp/data/cardrushpokemon/_/70726f647563742f6d326173617231372e6a7067003136300000660023666666666666.jpg,18200
236/193,SAR,ナンジャモのハラバリーex,236/193,15000,2/11,,6980,在庫なし,https://www.cardrush-pokemon.jp/data/cardrushpokemon/_/70726f647563742f6d326173617231352e6a70670031363000534f4c44204f555400660023666666666666.jpg,8020
237/193,SAR,ロケット団のミュウツーex,237/193,32000,2/11,,19800,在庫あり (3枚),https://www.cardrush-pokemon.jp/data/cardrushpokemon/_/70726f647563742f6d326173617231342e6a7067003136300000660023666666666666.jpg,12200
238/193,SAR,メガディアンシーex,238/193,8000,2/11,,2780,在庫なし,https://www.cardrush-pokemon.jp/data/cardrushpokemon/_/70726f647563742f6d326173617231332e6a70670031363000534f4c44204f555400660023666666666666.jpg,5220
240/193,SAR,メガゲンガーex,240/193,66000,2/11,,47800,在庫あり (32枚),https://www.cardrush-pokemon.jp/data/cardrushpokemon/_/70726f647563742f6d326173617231312e6a7067003136300000660023666666666666.jpg,18200
242/193,SAR,Nのゾロアークex,242/193,17000,2/11,,9480,在庫あり (48枚),https://www.cardrush-pokemon.jp/data/cardrushpokemon/_/70726f647563742f6d3261736172392e6a7067003136300000660023666666666666.jpg,7520
243/193,SAR,マリィのオーロンゲex,243/193,13000,2/11,,6480,在庫あり (7枚),https://www.cardrush-pokemon.jp/data/cardrushpokemon/_/70726f647563742f6d3261736172382e6a7067003136300000660023666666666666.jpg,6520
244/193,SAR,キチキギスex,244/193,14000,2/11,,3780,在庫なし,https://www.cardrush-pokemon.jp/data/cardrushpokemon/_/70726f647563742f6d3261736172372e6a70670031363000534f4c44204f555400660023666666666666.jpg,10220
245/193,SAR,ダイゴのメタグロスex,245/193,11000,2/11,,4980,在庫あり (8枚),https://www.cardrush-pokemon.jp/data/cardrushpokemon/_/70726f647563742f6d3261736172362e6a7067003136300000660023666666666666.jpg,6020
246/193,SAR,メガカイリューex,246/193,42000,2/11,,27800,在庫あり (40枚),https://www.cardrush-pokemon.jp/data/cardrushpokemon/_/70726f647563742f6d3261736172352e6a7067003136300000660023666666666666.jpg,14200
247/193,SAR,アイリスの闘志,247/193,12000,2/11,,3980,在庫あり (4枚),https://www.cardrush-pokemon.jp/data/cardrushpokemon/_/70726f647563742f6d3261736172342e6a7067003136300000660023666666666666.jpg,8020
248/193,SAR,カナリィ,248/193,28000,2/11,,6980,在庫あり (5枚),https://www.cardrush-pokemon.jp/data/cardrushpokemon/_/70726f647563742f6d3261736172332e6a7067003136300000660023666666666666.jpg,21020
094/080,SR,メガリザードンXex,094/080,9000,2/11,,5280,在庫あり (238枚),https://www.cardrush-pokemon.jp/data/cardrushpokemon/_/70726f647563742f4d32524152455f31342e6a7067003136300000660023666666666666.jpg,3720
110/080,SAR,メガリザードンXex,110/080,85000,2/11,,79800,在庫あり (21枚),https://www.cardrush-pokemon.jp/data/cardrushpokemon/_/70726f647563742f4d32524152455f33302e6a7067003136300000660023666666666666.jpg,5200
116/080,MUR,メガリザードンXex,116/080,240000,2/11,,138000,在庫あり (4枚),https://www.cardrush-pokemon.jp/data/cardrushpokemon/_/70726f647563742f4d32524152455f33362e6a7067003136300000660023666666666666.jpg,102000
111/080,SAR,オドリドリex,111/080,12000,2/11,,6980,在庫なし,https://www.cardrush-pokemon.jp/data/cardrushpokemon/_/70726f647563742f4d32524152455f33312e6a70670031363000534f4c44204f555400660023666666666666.jpg,5020
115/080,SAR,ヒカリ,115/080,10000,2/11,,5280,在庫あり (22枚),https://www.cardrush-pokemon.jp/data/cardrushpokemon/_/70726f647563742f4d32524152455f33352e6a7067003136300000660023666666666666.jpg,4720
092/063,MUR,メガルカリオex,092/063,72000,2/11,,52800,在庫なし,https://www.cardrush-pokemon.jp/data/cardrushpokemon/_/70726f647563742f4d31534d314c5f32392e6a70670031363000534f4c44204f555400660023666666666666.jpg,19200
088/063,SAR,メガルカリオex,088/063,11000,2/11,,10800,在庫あり (34枚),https://www.cardrush-pokemon.jp/data/cardrushpokemon/_/70726f647563742f4d31534d314c5f32352e6a7067003136300000660023666666666666.jpg,200
086/063,SR,リーリエの決心,086/063,23000,2/11,,12800,在庫あり (10枚),https://www.cardrush-pokemon.jp/data/cardrushpokemon/_/70726f647563742f4d31534d314c5f32332e6a7067003136300000660023666666666666.jpg,10200
091/063,SAR,リーリエの決心,091/063,68000,2/11,,45800,在庫あり (48枚),https://www.cardrush-pokemon.jp/data/cardrushpokemon/_/70726f647563742f50526530325f31302e6a7067003136300000660023666666666666.jpg,22200
092/063,MUR,メガサーナイトex,092/063,70000,2/11,,57800,在庫あり (8枚),https://www.cardrush-pokemon.jp/data/cardrushpokemon/_/70726f647563742f4d31534d314c5f35382e6a7067003136300000660023666666666666.jpg,12200
087/063,SAR,メガサーナイトex,087/063,18000,2/11,,18800,在庫あり (15枚),https://www.cardrush-pokemon.jp/data/cardrushpokemon/_/70726f647563742f4d31534d314c5f35332e6a7067003136300000660023666666666666.jpg,-800
088/063,SAR,メガラティアスex,088/063,7500,2/11,,5780,在庫あり (17枚),https://www.cardrush-pokemon.jp/data/cardrushpokemon/_/70726f647563742f4d31534d314c5f35342e6a7067003136300000660023666666666666.jpg,1720
084/063,SR,アセロラのいたずら,084/063,7000,2/11,,2280,在庫なし,https://www.cardrush-pokemon.jp/data/cardrushpokemon/_/70726f647563742f4d31534d314c5f35302e6a70670031363000534f4c44204f555400660023666666666666.jpg,4720
090/063,SAR,アセロラのいたずら,090/063,19000,2/11,,9280,在庫あり (18枚),https://www.cardrush-pokemon.jp/data/cardrushpokemon/_/70726f647563742f50526530325f392e6a7067003136300000660023666666666666.jpg,9720
022/021,,ゴースト,022/021,5000,2/11,,1880,在庫あり (29枚),https://www.cardrush-pokemon.jp/data/cardrushpokemon/_/70726f647563742f43524d42475f32322e6a7067003136300000660023666666666666.jpg,3120
020/M-P,,ピカチュウ【マクドナルド】,020/M-P,7000,2/11,,3580,在庫あり (288枚),https://www.cardrush-pokemon.jp/data/cardrushpokemon/_/70726f647563742f43525f4d2d505f3031312e6a7067003136300000660023666666666666.jpg,3420
174/086,BWR,ゼクロムex,174/086,65000,2/5,,57800,在庫なし,https://www.cardrush-pokemon.jp/data/cardrushpokemon/_/70726f647563742f5356313142415253525f312e6a70670031363000534f4c44204f555400660023666666666666.jpg,7200
169/086,SAR,ゼクロムex,169/086,24000,2/5,,23800,在庫あり (6枚),https://www.cardrush-pokemon.jp/data/cardrushpokemon/_/70726f647563742f50526530325f382e6a7067003136300000660023666666666666.jpg,200
173/086,SAR,Nの筋書き,173/086,17000,2/5,,7480,在庫あり (1枚),https://www.cardrush-pokemon.jp/data/cardrushpokemon/_/70726f647563742f50526530315f31372e6a7067003136300000660023666666666666.jpg,9520
174/086,BWR,レシラムex,174/086,62000,2/5,,57800,在庫あり (1枚),https://www.cardrush-pokemon.jp/data/cardrushpokemon/_/70726f647563742f7376313157737273617262777241525f312e6a7067003136300000660023666666666666.jpg,4200
168/086,SAR,レシラムex,168/086,24000,2/5,,25800,在庫あり (9枚),https://www.cardrush-pokemon.jp/data/cardrushpokemon/_/70726f647563742f7376313157737273617262777241525f372e6a7067003136300000660023666666666666.jpg,-1800
173/086,SAR,トウコ,173/086,24000,2/5,,8980,在庫あり (8枚),https://www.cardrush-pokemon.jp/data/cardrushpokemon/_/70726f647563742f7376313157737273617262777241525f322e6a7067003136300000660023666666666666.jpg,15020
124/098,SAR,ロケット団のファイヤーex,124/098,20000,2/5,,19800,在庫なし,https://www.cardrush-pokemon.jp/data/cardrushpokemon/_/70726f647563742f7376313061725f392e6a70670031363000534f4c44204f555400660023666666666666.jpg,200
125/098,SAR,ロケット団のミュウツーex,125/098,55000,2/5,,57800,在庫あり (6枚),https://www.cardrush-pokemon.jp/data/cardrushpokemon/_/70726f647563742f7376313061725f382e6a7067003136300000660023666666666666.jpg,-2800
126/098,SAR,ロケット団のニドキングex,126/098,10000,2/5,,10800,在庫なし,https://www.cardrush-pokemon.jp/data/cardrushpokemon/_/70726f647563742f7376313061725f372e6a70670031363000534f4c44204f555400660023666666666666.jpg,-800
127/098,SAR,ロケット団のクロバットex,127/098,8000,2/5,,7480,在庫なし,https://www.cardrush-pokemon.jp/data/cardrushpokemon/_/70726f647563742f7376313061725f362e6a70670031363000534f4c44204f555400660023666666666666.jpg,520
129/098,SAR,ロケット団のサカキ,129/098,8000,2/5,,3280,在庫なし,https://www.cardrush-pokemon.jp/data/cardrushpokemon/_/70726f647563742f7376313061725f342e6a70670031363000534f4c44204f555400660023666666666666.jpg,4720
086/063,SAR,ヒビキのホウオウex,086/063,24000,2/5,,29800,在庫あり (1枚),https://www.cardrush-pokemon.jp/data/cardrushpokemon/_/70726f647563742f535639615f372e6a7067003136300000660023666666666666.jpg,-5800
087/063,SAR,シロナのガブリアスex,087/063,40000,2/5,,44800,在庫あり (5枚),https://www.cardrush-pokemon.jp/data/cardrushpokemon/_/70726f647563742f535639615f362e6a7067003136300000660023666666666666.jpg,-4800
089/063,SAR,ヒビキの冒険,089/063,12000,2/5,,7480,在庫あり (3枚),https://www.cardrush-pokemon.jp/data/cardrushpokemon/_/70726f647563742f535639615f342e6a7067003136300000660023666666666666.jpg,4520
125/100,SAR,ナンジャモのハラバリーex,125/100,16500,2/5,,15800,在庫あり (4枚),https://www.cardrush-pokemon.jp/data/cardrushpokemon/_/70726f647563742f535639415253525f32352e6a7067003136300000660023666666666666.jpg,700
126/100,SAR,リーリエのピッピex,126/100,33000,2/5,,34800,在庫あり (1枚),https://www.cardrush-pokemon.jp/data/cardrushpokemon/_/70726f647563742f535639415253525f32362e6a7067003136300000660023666666666666.jpg,-1800
127/100,SAR,Nのゾロアークex,127/100,14000,2/5,,9980,在庫あり (8枚),https://www.cardrush-pokemon.jp/data/cardrushpokemon/_/70726f647563742f535639415253525f32372e6a7067003136300000660023666666666666.jpg,4020
200/187,SAR,リーフィアex,200/187,13500,2/5,,7980,在庫あり (3枚),https://www.cardrush-pokemon.jp/data/cardrushpokemon/_/70726f647563742f5356386153415255525f31332e6a7067003136300000660023666666666666.jpg,5520
202/187,SAR,ブースターex,202/187,12000,2/5,,7980,在庫あり (10枚),https://www.cardrush-pokemon.jp/data/cardrushpokemon/_/70726f647563742f5356386153415255525f31352e6a7067003136300000660023666666666666.jpg,4020
205/187,SAR,シャワーズex,205/187,13500,2/5,,7480,在庫あり (3枚),https://www.cardrush-pokemon.jp/data/cardrushpokemon/_/70726f647563742f5356386153415255525f31382e6a7067003136300000660023666666666666.jpg,6020
206/187,SAR,グレイシアex,206/187,12000,2/5,,7480,在庫あり (1枚),https://www.cardrush-pokemon.jp/data/cardrushpokemon/_/70726f647563742f50526530325f31312e6a7067003136300000660023666666666666.jpg,4520
209/187,SAR,サンダースex,209/187,12000,2/5,,6480,在庫あり (6枚),https://www.cardrush-pokemon.jp/data/cardrushpokemon/_/70726f647563742f5356386153415255525f32322e6a7067003136300000660023666666666666.jpg,5520
211/187,SAR,エーフィex,211/187,13000,2/13,,8480,在庫あり (4枚),https://www.cardrush-pokemon.jp/data/cardrushpokemon/_/70726f647563742f5356386153415255525f32342e6a7067003136300000660023666666666666.jpg,4520
212/187,SAR,ニンフィアex,212/187,24000,2/5,,18800,在庫あり (21枚),https://www.cardrush-pokemon.jp/data/cardrushpokemon/_/70726f647563742f5356386153415255525f32352e6a7067003136300000660023666666666666.jpg,5200
217/187,SAR,ブラッキーex,217/187,64000,2/5,,59800,在庫あり (36枚),https://www.cardrush-pokemon.jp/data/cardrushpokemon/_/70726f647563742f5356386153415255525f33302e6a7067003136300000660023666666666666.jpg,4200
223/187,SAR,イーブイex,223/187,10000,2/5,,5780,在庫あり (4枚),https://www.cardrush-pokemon.jp/data/cardrushpokemon/_/70726f647563742f50526530325f31322e6a7067003136300000660023666666666666.jpg,4220
224/187,SAR,イーブイex,224/187,10000,2/5,,5280,在庫あり (3枚),https://www.cardrush-pokemon.jp/data/cardrushpokemon/_/70726f647563742f5356386153415255525f33372e6a7067003136300000660023666666666666.jpg,4720
236/187,UR,ピカチュウex　SV8a,236/187,18000,2/5,,7480,在庫なし,https://www.cardrush-pokemon.jp/data/cardrushpokemon/_/70726f647563742f5356386153415255525f34392e6a70670031363000534f4c44204f555400660023666666666666.jpg,10520
131/106,SAR,ミロカロスex,131/106,16000,2/5,,13800,在庫あり (2枚),https://www.cardrush-pokemon.jp/data/cardrushpokemon/_/70726f647563742f50526530325f31332e6a7067003136300000660023666666666666.jpg,2200
132/106,SAR,ピカチュウex SV8,132/106,75000,2/5,,62800,在庫なし,https://www.cardrush-pokemon.jp/data/cardrushpokemon/_/70726f647563742f50526530325f352e6a70670031363000534f4c44204f555400660023666666666666.jpg,12200
122/106,SR,ピカチュウex SV8,122/106,12000,2/5,,6280,在庫なし,https://www.cardrush-pokemon.jp/data/cardrushpokemon/_/70726f647563742f5356385f31362e6a70670031363000534f4c44204f555400660023666666666666.jpg,5720
136/106,UR,ピカチュウex SV8,136/106,25000,2/5,,20800,在庫あり (1枚),https://www.cardrush-pokemon.jp/data/cardrushpokemon/_/70726f647563742f5356385f33302e6a7067003136300000660023666666666666.jpg,4200
086/064,SR,ルチアのアピール,086/064,15000,2/5,,4780,在庫なし,https://www.cardrush-pokemon.jp/data/cardrushpokemon/_/70726f647563742f535637615f392e6a70670031363000534f4c44204f555400660023666666666666.jpg,10220
087/064,SAR,ラティアスｅｘ,087/064,24000,2/5,,22800,在庫なし,https://www.cardrush-pokemon.jp/data/cardrushpokemon/_/70726f647563742f50526530325f372e6a70670031363000534f4c44204f555400660023666666666666.jpg,1200
091/064,SAR,ルチアのアピール,091/064,38000,2/5,,27800,在庫あり (1枚),https://www.cardrush-pokemon.jp/data/cardrushpokemon/_/70726f647563742f50526530325f362e6a7067003136300000660023666666666666.jpg,10200
130/102,SAR,テラパゴスex SV7,130/102,8000,2/5,,5480,在庫あり (13枚),https://www.cardrush-pokemon.jp/data/cardrushpokemon/_/70726f647563742f5356375f362e6a7067003136300000660023666666666666.jpg,2520
131/102,SAR,タロ SV7,131/102,13000,2/5,,7280,在庫あり (11枚),https://www.cardrush-pokemon.jp/data/cardrushpokemon/_/70726f647563742f50526530325f32362e6a7067003136300000660023666666666666.jpg,5720
091/064,SAR,カシオペア SV6a,091/064,8000,2/5,,2980,在庫なし,https://www.cardrush-pokemon.jp/data/cardrushpokemon/_/70726f647563742f4352535636615f32372e6a70670031363000534f4c44204f555400660023666666666666.jpg,5020
129/101,SAR,スグリ SV6,129/101,7000,2/5,,3580,在庫なし,https://www.cardrush-pokemon.jp/data/cardrushpokemon/_/70726f647563742f5356362d352e6a70670031363000534f4c44204f555400660023666666666666.jpg,3420
130/101,SAR,ゼイユ,130/101,65000,2/5,,23800,在庫あり (2枚),https://www.cardrush-pokemon.jp/data/cardrushpokemon/_/70726f647563742f5356362d342e6a7067003136300000660023666666666666.jpg,41200
090/066,SAR,ゲッコウガex,090/066,68000,2/5,,52800,在庫なし,https://www.cardrush-pokemon.jp/data/cardrushpokemon/_/70726f647563742f737635615f372e6a70670031363000534f4c44204f555400660023666666666666.jpg,15200
092/066,SAR,サザレ,092/066,16000,2/5,,11800,在庫なし,https://www.cardrush-pokemon.jp/data/cardrushpokemon/_/70726f647563742f737635615f352e6a70670031363000534f4c44204f555400660023666666666666.jpg,4200
093/066,SAR,スイレンのお世話,093/066,8000,2/5,,4780,在庫なし,https://www.cardrush-pokemon.jp/data/cardrushpokemon/_/70726f647563742f737635615f342e6a70670031363000534f4c44204f555400660023666666666666.jpg,3220
097/071,SAR,ベルのまごころ,097/071,25000,2/5,,7480,在庫あり (6枚),https://www.cardrush-pokemon.jp/data/cardrushpokemon/_/70726f647563742f43525356354d5f32362e6a7067003136300000660023666666666666.jpg,17520
095/071,SAR,タケルライコex SV5K,095/071,7000,2/5,,5980,在庫あり (2枚),https://www.cardrush-pokemon.jp/data/cardrushpokemon/_/70726f647563742f50526530315f352e6a7067003136300000660023666666666666.jpg,1020
097/071,SAR,マツバの確信,097/071,14000,2/5,,6480,在庫なし,https://www.cardrush-pokemon.jp/data/cardrushpokemon/_/70726f647563742f43525356354b5f32362e6a70670031363000534f4c44204f555400660023666666666666.jpg,7520
341/190,AR,ミミッキュ,341/190,6500,2/5,,2180,在庫あり (14枚),https://www.cardrush-pokemon.jp/data/cardrushpokemon/_/70726f647563742f5041525f3233313133305f312e6a7067003136300000660023666666666666.jpg,4320
347/190,SAR,ミュウex SV4a,347/190,70000,2/5,,59800,在庫なし,https://www.cardrush-pokemon.jp/data/cardrushpokemon/_/70726f647563742f505341525f3233313133305f382e6a70670031363000534f4c44204f555400660023666666666666.jpg,10200
348/190,SAR,サーナイトex SV4a,348/190,20000,2/5,,18800,在庫あり (8枚),https://www.cardrush-pokemon.jp/data/cardrushpokemon/_/70726f647563742f505341525f3233313133305f372e6a7067003136300000660023666666666666.jpg,1200
349/190,SAR,リザードンex（悪テラスタル） SV4a,349/190,41000,2/5,,39800,在庫あり (8枚),https://www.cardrush-pokemon.jp/data/cardrushpokemon/_/70726f647563742f505341525f3233313133305f362e6a7067003136300000660023666666666666.jpg,1200
350/190,SAR,ナンジャモ SV4a,350/190,22000,2/5,,13800,在庫あり (10枚),https://www.cardrush-pokemon.jp/data/cardrushpokemon/_/70726f647563742f505341525f3233313133305f352e6a7067003136300000660023666666666666.jpg,8200
354/190,SAR,ボタン SV4a,354/190,6500,2/5,,3280,在庫なし,https://www.cardrush-pokemon.jp/data/cardrushpokemon/_/70726f647563742f505341525f3233313133305f312e6a70670031363000534f4c44204f555400660023666666666666.jpg,3220
090/066,SAR,トドロクツキex,090/066,8000,2/5,,6280,在庫あり (6枚),https://www.cardrush-pokemon.jp/data/cardrushpokemon/_/70726f647563742f7376346b5f32342e6a7067003136300000660023666666666666.jpg,1720
092/066,SAR,メロコ,092/066,6500,2/5,,2180,在庫あり (3枚),https://www.cardrush-pokemon.jp/data/cardrushpokemon/_/70726f647563742f50526530315f31302e6a7067003136300000660023666666666666.jpg,4320
090/066,SAR,チルタリスex,090/066,14000,2/5,,8980,在庫あり (1枚),https://www.cardrush-pokemon.jp/data/cardrushpokemon/_/70726f647563742f7376346d365f32342e6a7067003136300000660023666666666666.jpg,5020
089/066,SAR,テツノブジンex,089/066,6000,2/5,,3580,在庫なし,https://www.cardrush-pokemon.jp/data/cardrushpokemon/_/70726f647563742f7376346d365f32332e6a70670031363000534f4c44204f555400660023666666666666.jpg,2420
092/066,SAR,リップ,092/066,5000,2/5,,1980,在庫なし,https://www.cardrush-pokemon.jp/data/cardrushpokemon/_/70726f647563742f7376346d365f32362e6a70670031363000534f4c44204f555400660023666666666666.jpg,3020
089/062,SAR,パラソルおねえさん,089/062,25000,2/5,,8980,在庫あり (5枚),https://www.cardrush-pokemon.jp/data/cardrushpokemon/_/70726f647563742f4352535633615f342e6a7067003136300000660023666666666666.jpg,16020
139/108,UR,リザードンex（悪テラスタル）,139/108,12000,2/5,,6980,在庫あり (3枚),https://www.cardrush-pokemon.jp/data/cardrushpokemon/_/70726f647563742f43525356335f33312e6a7067003136300000660023666666666666.jpg,5020
134/108,SAR,リザードンex（悪テラスタル）SV3a,134/108,52000,2/5,,42800,在庫なし,https://www.cardrush-pokemon.jp/data/cardrushpokemon/_/70726f647563742f43525356335f32362e6a70670031363000534f4c44204f555400660023666666666666.jpg,9200
025/165,マスボ,ピカチュウ,025/165,72000,2/5,,52800,在庫なし,https://www.cardrush-pokemon.jp/data/cardrushpokemon/_/70726f647563742f32303235303631325f3065633235652e6a70670031363000534f4c44204f555400660023666666666666.jpg,19200
094/165,マスボ,ゲンガー,094/165,100000,2/5,,74800,在庫なし,https://www.cardrush-pokemon.jp/data/cardrushpokemon/_/70726f647563742f535632615f6d61737465725f5f31342e6a70670031363000534f4c44204f555400660023666666666666.jpg,25200
173/165,AR,ピカチュウ,173/165,8500,2/5,,4780,在庫あり (167枚),https://www.cardrush-pokemon.jp/data/cardrushpokemon/_/70726f647563742f4352535632415f33372e6a7067003136300000660023666666666666.jpg,3720
183/165,AR,ミュウツー,183/165,6500,2/5,,2980,在庫あり (33枚),https://www.cardrush-pokemon.jp/data/cardrushpokemon/_/70726f647563742f4352535632415f32372e6a7067003136300000660023666666666666.jpg,3520
200/165,SAR,フシギバナex,200/165,17000,2/5,,14800,在庫あり (4枚),https://www.cardrush-pokemon.jp/data/cardrushpokemon/_/70726f647563742f4352535632415f31302e6a7067003136300000660023666666666666.jpg,2200
201/165,SAR,リザードンex SV2a,201/165,60000,2/5,,54800,在庫あり (2枚),https://www.cardrush-pokemon.jp/data/cardrushpokemon/_/70726f647563742f4352535632415f392e6a7067003136300000660023666666666666.jpg,5200
202/165,SAR,カメックスex,202/165,19000,2/5,,17800,在庫あり (3枚),https://www.cardrush-pokemon.jp/data/cardrushpokemon/_/70726f647563742f4352535632415f382e6a7067003136300000660023666666666666.jpg,1200
203/165,SAR,フーディンex,203/165,9000,2/5,,8980,在庫あり (2枚),https://www.cardrush-pokemon.jp/data/cardrushpokemon/_/70726f647563742f4352535632415f372e6a7067003136300000660023666666666666.jpg,20
204/165,SAR,サンダーex,204/165,21000,2/5,,19800,在庫あり (1枚),https://www.cardrush-pokemon.jp/data/cardrushpokemon/_/70726f647563742f4352535632415f362e6a7067003136300000660023666666666666.jpg,1200
205/165,SAR,ミュウexSV2a,205/165,40000,2/5,,35800,在庫あり (6枚),https://www.cardrush-pokemon.jp/data/cardrushpokemon/_/70726f647563742f4352535632415f352e6a7067003136300000660023666666666666.jpg,4200
206/165,SAR,エリカの招待,206/165,18000,2/5,,8780,在庫あり (8枚),https://www.cardrush-pokemon.jp/data/cardrushpokemon/_/70726f647563742f4352535632415f342e6a7067003136300000660023666666666666.jpg,9220
091/071,SR,ナンジャモ,091/071,16000,2/5,,7780,在庫あり (16枚),https://www.cardrush-pokemon.jp/data/cardrushpokemon/_/70726f647563742f43525f505f53563244505f382e6a7067003136300000660023666666666666.jpg,8220
096/071,SAR,ナンジャモ SV2D,096/071,78000,2/5,,59800,在庫あり (5枚),https://www.cardrush-pokemon.jp/data/cardrushpokemon/_/70726f647563742f43525f505f53563244505f332e6a7067003136300000660023666666666666.jpg,18200
093/071,SAR,パオジアンex,093/071,5500,2/5,,4480,在庫なし,https://www.cardrush-pokemon.jp/data/cardrushpokemon/_/70726f647563742f43525f505f53563244505f33342e6a70670031363000534f4c44204f555400660023666666666666.jpg,1020
094/071,SAR,イキリンコex,094/071,5000,2/5,,1880,在庫あり (1枚),https://www.cardrush-pokemon.jp/data/cardrushpokemon/_/70726f647563742f43525f505f53563244505f33332e6a7067003136300000660023666666666666.jpg,3120
095/071,SAR,グルーシャ,095/071,11000,2/5,,5480,在庫あり (10枚),https://www.cardrush-pokemon.jp/data/cardrushpokemon/_/70726f647563742f43525f505f53563244505f33322e6a7067003136300000660023666666666666.jpg,5520
080/073,AR,コイキング,080/073,26000,2/5,,23800,在庫あり (31枚),https://www.cardrush-pokemon.jp/data/cardrushpokemon/_/70726f647563742f4352535631615f41525f362e6a7067003136300000660023666666666666.jpg,2200
096/073,SAR,マスカーニャex,096/073,9500,2/5,,8980,在庫なし,https://www.cardrush-pokemon.jp/data/cardrushpokemon/_/70726f647563742f4352535631615f5341525f342e6a70670031363000534f4c44204f555400660023666666666666.jpg,520
097/073,SAR,ラウドボーンex,097/073,6000,2/5,,4480,在庫あり (1枚),https://www.cardrush-pokemon.jp/data/cardrushpokemon/_/70726f647563742f4352535631615f5341525f332e6a7067003136300000660023666666666666.jpg,1520
098/073,SAR,ウェーニバルex,098/073,6500,2/5,,2780,在庫あり (4枚),https://www.cardrush-pokemon.jp/data/cardrushpokemon/_/70726f647563742f4352535631615f5341525f322e6a7067003136300000660023666666666666.jpg,3720
099/073,SAR,キハダ,099/073,16500,2/5,,11800,在庫なし,https://www.cardrush-pokemon.jp/data/cardrushpokemon/_/70726f647563742f4352535631615f5341525f312e6a70670031363000534f4c44204f555400660023666666666666.jpg,4700
102/078,SAR,ミライドンex,102/078,9500,2/5,,6980,在庫あり (3枚),https://www.cardrush-pokemon.jp/data/cardrushpokemon/_/70726f647563742f535631565f5341525f332e6a7067003136300000660023666666666666.jpg,2520
105/078,SAR,ミモザ,105/078,35000,2/5,,18800,在庫あり (4枚),https://www.cardrush-pokemon.jp/data/cardrushpokemon/_/70726f647563742f535631565f5341525f302e6a7067003136300000660023666666666666.jpg,16200
101/078,SAR,サーナイトex SV1S,101/078,25000,2/5,,25800,在庫あり (3枚),https://www.cardrush-pokemon.jp/data/cardrushpokemon/_/70726f647563742f535631535f5341525f342e6a7067003136300000660023666666666666.jpg,-800
103/078,SAR,コライドンex,103/078,10000,2/5,,6480,在庫あり (1枚),https://www.cardrush-pokemon.jp/data/cardrushpokemon/_/70726f647563742f535631535f5341525f322e6a7067003136300000660023666666666666.jpg,3520
105/078,SAR,ボタン SV1S,105/078,5500,2/5,,2180,在庫あり (1枚),https://www.cardrush-pokemon.jp/data/cardrushpokemon/_/70726f647563742f535631535f5341525f302e6a7067003136300000660023666666666666.jpg,3320
001/SV-P,,ピカチュウ,001/SV-P,9500,2/5,,3480,在庫あり (6枚),https://www.cardrush-pokemon.jp/data/cardrushpokemon/_/70726f647563742f32303232313131375f3064656534332e6a7067003136300000660023666666666666.jpg,6020
048/SV-P,,ミライドン,048/SV-P,23000,2/5,,19800,在庫なし,https://www.cardrush-pokemon.jp/data/cardrushpokemon/_/70726f647563742f30343853562d502e6a70670031363000534f4c44204f555400660023666666666666.jpg,3200
049/SV-P,,コライドン,049/SV-P,13000,2/5,,11800,在庫なし,https://www.cardrush-pokemon.jp/data/cardrushpokemon/_/70726f647563742f30343953562d502e6a70670031363000534f4c44204f555400660023666666666666.jpg,1200
050/049,,フシギダネ,050/049,14000,2/5,,7280,在庫なし,https://www.cardrush-pokemon.jp/data/cardrushpokemon/_/70726f647563742f353072757368705356473035303034392e6a70670031363000534f4c44204f555400660023666666666666.jpg,6720
051/049,,ヒトカゲ,051/049,18000,2/5,,13800,在庫あり (4枚),https://www.cardrush-pokemon.jp/data/cardrushpokemon/_/70726f647563742f353172757368705356473035313034392e6a7067003136300000660023666666666666.jpg,4200
052/049,,ゼニガメ,052/049,13000,2/5,,7980,在庫なし,https://www.cardrush-pokemon.jp/data/cardrushpokemon/_/70726f647563742f353272757368705356473035323034392e6a70670031363000534f4c44204f555400660023666666666666.jpg,5020
098/SV-P,,名探偵ピカチュウ,098/SV-P,31000,2/5,,22800,在庫なし,https://www.cardrush-pokemon.jp/data/cardrushpokemon/_/70726f647563742f32303233313030365f3365663463312e6a70670031363000534f4c44204f555400660023666666666666.jpg,8200
192/SV-P,,ニャース,192/SV-P,18000,2/5,,11800,在庫あり (1枚),https://www.cardrush-pokemon.jp/data/cardrushpokemon/_/70726f647563742f32303234313131355f6336663963342e6a7067003136300000660023666666666666.jpg,6200
218/SV-P,,ピカチュウ,218/SV-P,14000,2/5,,6480,在庫あり (16枚),https://www.cardrush-pokemon.jp/data/cardrushpokemon/_/70726f647563742f6d657373616765496d6167655f313732323135373930373435355f302e6a7067003136300000660023666666666666.jpg,7520
288/SV-P,,ビクティニ(争奪戦プロモ),288/SV-P,110000,2/5,,81800,在庫なし,https://www.cardrush-pokemon.jp/data/cardrushpokemon/_/70726f647563742f43525f53565032353036313431372e6a70670031363000534f4c44204f555400660023666666666666.jpg,28200
001/030,,ピカチュウex,001/030,64000,2/5,,39800,在庫なし,https://www.cardrush-pokemon.jp/data/cardrushpokemon/_/70726f647563742f31727573687057435332333030313033302e6a70670031363000534f4c44204f555400660023666666666666.jpg,24200
062/SV-P,,イーブイ,062/SV-P,15000,2/5,,12800,在庫あり (8枚),https://www.cardrush-pokemon.jp/data/cardrushpokemon/_/70726f647563742f3036325f6569657675695f43522e6a7067003136300000660023666666666666.jpg,2200
063/SV-P,,シャワーズ,063/SV-P,15000,2/5,,11800,在庫あり (2枚),https://www.cardrush-pokemon.jp/data/cardrushpokemon/_/70726f647563742f3036335f73686f776572735f43522e6a7067003136300000660023666666666666.jpg,3200
064/SV-P,,サンダース,064/SV-P,15000,2/5,,10800,在庫あり (4枚),https://www.cardrush-pokemon.jp/data/cardrushpokemon/_/70726f647563742f3036345f7468756e646572735f43522e6a7067003136300000660023666666666666.jpg,4200
065/SV-P,,ブースター,065/SV-P,15000,2/5,,10800,在庫あり (5枚),https://www.cardrush-pokemon.jp/data/cardrushpokemon/_/70726f647563742f3036355f626f6f737465725f43522e6a7067003136300000660023666666666666.jpg,4200
066/SV-P,,エーフィ,066/SV-P,15000,2/5,,11800,在庫あり (6枚),https://www.cardrush-pokemon.jp/data/cardrushpokemon/_/70726f647563742f3036365f65696669655f43522e6a7067003136300000660023666666666666.jpg,3200
067/SV-P,,ブラッキー,067/SV-P,25000,2/5,,23800,在庫あり (16枚),https://www.cardrush-pokemon.jp/data/cardrushpokemon/_/70726f647563742f3036375f626c61636b795f43522e6a7067003136300000660023666666666666.jpg,1200
068/SV-P,,リーフィア,068/SV-P,15000,2/5,,10800,在庫あり (5枚),https://www.cardrush-pokemon.jp/data/cardrushpokemon/_/70726f647563742f3036385f6c65616669615f43522e6a7067003136300000660023666666666666.jpg,4200
069/SV-P,,グレイシア,069/SV-P,15000,2/5,,10800,在庫あり (6枚),https://www.cardrush-pokemon.jp/data/cardrushpokemon/_/70726f647563742f3036395f676c616369615f43522e6a7067003136300000660023666666666666.jpg,4200
070/SV-P,,ニンフィア,070/SV-P,15000,2/5,,10800,在庫あり (11枚),https://www.cardrush-pokemon.jp/data/cardrushpokemon/_/70726f647563742f3037305f6e796d706869615f43522e6a7067003136300000660023666666666666.jpg,4200
003/032,,リザードン(クラシック版),003/032,38000,2/5,,27800,在庫あり (1枚),https://www.cardrush-pokemon.jp/data/cardrushpokemon/_/70726f647563742f435250434c4c2d3030332e6a7067003136300000660023666666666666.jpg,10200
003/032,,フシギバナ(クラシック版),003/032,8500,2/5,,3480,在庫なし,https://www.cardrush-pokemon.jp/data/cardrushpokemon/_/70726f647563742f435250434c462d3030332e6a70670031363000534f4c44204f555400660023666666666666.jpg,5020
003/032,,カメックス(クラシック版),003/032,9500,2/5,,4480,在庫あり (3枚),https://www.cardrush-pokemon.jp/data/cardrushpokemon/_/70726f647563742f435250434c4b2d3030332e6a7067003136300000660023666666666666.jpg,5020
008/032,,ピカチュウ(クラシック版),008/032,20000,2/5,,10800,在庫あり (1枚),https://www.cardrush-pokemon.jp/data/cardrushpokemon/_/70726f647563742f435250434c4c2d3030382e6a7067003136300000660023666666666666.jpg,9200
260/SV-P,,トウホクのピカチュウ,260/SV-P,38000,2/9,,15800,在庫なし,https://www.cardrush-pokemon.jp/data/cardrushpokemon/_/70726f647563742f32303235303830395f3031306536662e6a70670031363000534f4c44204f555400660023666666666666.jpg,22200
261/SV-P,,ヒロシマのピカチュウ,261/SV-P,36000,2/9,,23800,在庫あり (1枚),https://www.cardrush-pokemon.jp/data/cardrushpokemon/_/70726f647563742f32303235303830395f6366313733642e6a7067003136300000660023666666666666.jpg,12200
289/SV-P,,フクオカのピカチュウ,289/SV-P,40000,2/9,,24800,在庫なし,https://www.cardrush-pokemon.jp/data/cardrushpokemon/_/70726f647563742f32303235303830395f3264616466642e6a70670031363000534f4c44204f555400660023666666666666.jpg,15200
259/172,UR,オリジンパルキアVSTAR,259/172,16000,2/6,,12800,在庫あり (12枚),https://www.cardrush-pokemon.jp/data/cardrushpokemon/_/70726f647563742f43525f533132615f332e6a7067003136300000660023666666666666.jpg,3200
260/172,UR,オリジンディアルガVSTAR,260/172,16000,2/6,,10800,在庫あり (1枚),https://www.cardrush-pokemon.jp/data/cardrushpokemon/_/70726f647563742f43525f533132615f322e6a7067003136300000660023666666666666.jpg,5200
261/172,UR,ギラティナVSTAR,261/172,29000,2/6,,29800,在庫あり (3枚),https://www.cardrush-pokemon.jp/data/cardrushpokemon/_/70726f647563742f43525f533132615f312e6a7067003136300000660023666666666666.jpg,-800
262/172,UR,アルセウスVSTAR,262/172,17000,2/6,,16800,在庫あり (1枚),https://www.cardrush-pokemon.jp/data/cardrushpokemon/_/70726f647563742f43525f533132615f302e6a7067003136300000660023666666666666.jpg,200
183/172,AR,ミュウ,183/172,8000,2/6,,4980,在庫あり (82枚),https://www.cardrush-pokemon.jp/data/cardrushpokemon/_/70726f647563742f43525f533132615f37392e6a7067003136300000660023666666666666.jpg,3020
205/172,AR,ピカチュウ,205/172,48000,2/6,,39800,在庫あり (8枚),https://www.cardrush-pokemon.jp/data/cardrushpokemon/_/70726f647563742f43525f533132615f35372e6a7067003136300000660023666666666666.jpg,8200
210/172,SAR,リーフィアVSTAR,210/172,11000,2/6,,5980,在庫あり (4枚),https://www.cardrush-pokemon.jp/data/cardrushpokemon/_/70726f647563742f43525f533132615f35322e6a7067003136300000660023666666666666.jpg,5020
211/172,SAR,リザードンV,211/172,13000,2/6,,6480,在庫なし,https://www.cardrush-pokemon.jp/data/cardrushpokemon/_/70726f647563742f43525f533132615f35312e6a70670031363000534f4c44204f555400660023666666666666.jpg,6520
212/172,SAR,リザードンVSTAR,212/172,16000,2/6,,13800,在庫あり (3枚),https://www.cardrush-pokemon.jp/data/cardrushpokemon/_/70726f647563742f43525f533132615f35302e6a7067003136300000660023666666666666.jpg,2200
217/172,SAR,グレイシアVSTAR,217/172,10000,2/6,,5280,在庫なし,https://www.cardrush-pokemon.jp/data/cardrushpokemon/_/70726f647563742f43525f533132615f34352e6a70670031363000534f4c44204f555400660023666666666666.jpg,4720
221/172,SAR,ミュウツーVSTAR,221/172,15000,2/6,,14800,在庫あり (9枚),https://www.cardrush-pokemon.jp/data/cardrushpokemon/_/70726f647563742f43525f533132615f34312e6a7067003136300000660023666666666666.jpg,200
236/172,SAR,カイ,236/172,10000,2/6,,5780,在庫あり (14枚),https://www.cardrush-pokemon.jp/data/cardrushpokemon/_/70726f647563742f43525f533132615f32372e6a7067003136300000660023666666666666.jpg,4220
239/172,SAR,シロナの覇気,239/172,13000,2/6,,5280,在庫なし,https://www.cardrush-pokemon.jp/data/cardrushpokemon/_/70726f647563742f43525f533132615f32342e6a70670031363000534f4c44204f555400660023666666666666.jpg,7720
246/172,SR,カミツレのきらめき,246/172,9000,2/6,,4980,在庫あり (1枚),https://www.cardrush-pokemon.jp/data/cardrushpokemon/_/70726f647563742f43525f533132615f31372e6a7067003136300000660023666666666666.jpg,4020
108/098,SR,レジドラゴV（SA）,108/098,5500,2/6,,2780,在庫あり (2枚),https://www.cardrush-pokemon.jp/data/cardrushpokemon/_/70726f647563742f7331325f31372e6a7067003136300000660023666666666666.jpg,2720
110/098,SR,ルギアV(SA),110/098,100000,2/2,,99800,在庫あり (2枚),https://www.cardrush-pokemon.jp/data/cardrushpokemon/_/70726f647563742f7331325f31352e6a7067003136300000660023666666666666.jpg,200
081/068,SR,セレナ,081/068,16000,2/6,,11800,在庫あり (3枚),https://www.cardrush-pokemon.jp/data/cardrushpokemon/_/70726f647563742f33353330322e6a7067003136300000660023666666666666.jpg,4200
084/068,CSR,ジャローダV(SA),084/068,11000,2/6,,5480,在庫あり (3枚),https://www.cardrush-pokemon.jp/data/cardrushpokemon/_/70726f647563742f33353330352e6a7067003136300000660023666666666666.jpg,5520
106/100,SR,プテラV(SA),106/100,20000,2/6,,14800,在庫なし,https://www.cardrush-pokemon.jp/data/cardrushpokemon/_/70726f647563742f5331312d3130362e6a70670031363000534f4c44204f555400660023666666666666.jpg,5200
111/100,SR,ギラティナV(SA),111/100,170000,2/6,,178000,在庫なし,https://www.cardrush-pokemon.jp/data/cardrushpokemon/_/70726f647563742f5331312d3131312e6a70670031363000534f4c44204f555400660023666666666666.jpg,-8000
074/071,SR,ミュウツーV(SA),074/071,18000,2/6,,10800,在庫なし,https://www.cardrush-pokemon.jp/data/cardrushpokemon/_/70726f647563742f535f5f36393732323833332e6a70670031363000534f4c44204f555400660023666666666666.jpg,7200
073/071,CHR,ピカチュウ,073/071,11000,2/6,,6280,在庫あり (99枚),https://www.cardrush-pokemon.jp/data/cardrushpokemon/_/70726f647563742f533130613037332d3037312e6a7067003136300000660023666666666666.jpg,4720
074/071,CHR,ゲンガー,074/071,8500,2/6,,4780,在庫あり (72枚),https://www.cardrush-pokemon.jp/data/cardrushpokemon/_/70726f647563742f533130613037342d3037312e6a7067003136300000660023666666666666.jpg,3720
073/067,SR,カイリキーV(SA),073/067,13000,2/6,,12800,在庫あり (5枚),https://www.cardrush-pokemon.jp/data/cardrushpokemon/_/70726f647563742f533130443037333036372e6a7067003136300000660023666666666666.jpg,200
075/067,SR,オリジンディアルガV(SA),075/067,20000,2/6,,9480,在庫なし,https://www.cardrush-pokemon.jp/data/cardrushpokemon/_/70726f647563742f533130443037353036372e6a70670031363000534f4c44204f555400660023666666666666.jpg,10520
071/067,SR,オリジンパルキアV(SA),071/067,15000,2/6,,13800,在庫あり (4枚),https://www.cardrush-pokemon.jp/data/cardrushpokemon/_/70726f647563742f533130503037313036372e6a7067003136300000660023666666666666.jpg,1200
077/067,SR,カイ,077/067,17000,2/6,,6480,在庫なし,https://www.cardrush-pokemon.jp/data/cardrushpokemon/_/70726f647563742f533130503037373036372e6a70670031363000534f4c44204f555400660023666666666666.jpg,10520
083/067,CSR,スターミーV(SA),083/067,24000,2/6,,15800,在庫なし,https://www.cardrush-pokemon.jp/data/cardrushpokemon/_/70726f647563742f5339613038333036372e6a70670031363000534f4c44204f555400660023666666666666.jpg,8200
084/067,CSR,ガブリアスV(SA),084/067,17000,2/6,,7980,在庫あり (1枚),https://www.cardrush-pokemon.jp/data/cardrushpokemon/_/70726f647563742f5339613038343036372e6a7067003136300000660023666666666666.jpg,9020
103/100,SR,リザードンV(SA),103/100,42000,2/6,,39800,在庫あり (1枚),https://www.cardrush-pokemon.jp/data/cardrushpokemon/_/70726f647563742f73395f3232303131335f32342e6a7067003136300000660023666666666666.jpg,2200
118/100,HR,リザードンVSTAR,118/100,19000,2/6,,9980,在庫なし,https://www.cardrush-pokemon.jp/data/cardrushpokemon/_/70726f647563742f73395f3232303131335f392e6a70670031363000534f4c44204f555400660023666666666666.jpg,9020
112/100,SR,アルセウスＶ(SA),112/100,12000,2/6,,7480,在庫なし,https://www.cardrush-pokemon.jp/data/cardrushpokemon/_/70726f647563742f73395f3232303131335f31352e6a70670031363000534f4c44204f555400660023666666666666.jpg,4520
415/414,SR,ピカチュウV,415/414,19000,2/6,,7480,在庫なし,https://www.cardrush-pokemon.jp/data/cardrushpokemon/_/70726f647563742f32303231313231365f3266643837642e6a70670031363000534f4c44204f555400660023666666666666.jpg,11520
419/414,SR,マリィのプライド,419/414,25000,2/6,,21800,在庫あり (3枚),https://www.cardrush-pokemon.jp/data/cardrushpokemon/_/70726f647563742f32303231313231365f6265336463652e6a7067003136300000660023666666666666.jpg,3200
222/184,CSR,ピカチュウ,222/184,24000,2/6,,14800,在庫あり (1枚),https://www.cardrush-pokemon.jp/data/cardrushpokemon/_/70726f647563742f535f5f36383234383335372e6a7067003136300000660023666666666666.jpg,9200
223/184,CSR,ピカチュウVMAX,223/184,27000,2/6,,24800,在庫あり (8枚),https://www.cardrush-pokemon.jp/data/cardrushpokemon/_/70726f647563742f535f5f36383234383335382e6a7067003136300000660023666666666666.jpg,2200
231/184,CSR,ニンフィアV,231/184,11000,2/6,,5480,在庫あり (5枚),https://www.cardrush-pokemon.jp/data/cardrushpokemon/_/70726f647563742f535f5f36383234383336342e6a7067003136300000660023666666666666.jpg,5520
232/184,CSR,ニンフィアVMAX,232/184,11000,2/6,,7280,在庫なし,https://www.cardrush-pokemon.jp/data/cardrushpokemon/_/70726f647563742f535f5f36383234383336352e6a70670031363000534f4c44204f555400660023666666666666.jpg,3720
233/184,CSR,ミミッキュV,233/184,13000,2/6,,4980,在庫なし,https://www.cardrush-pokemon.jp/data/cardrushpokemon/_/70726f647563742f535f5f36383234383336362e6a70670031363000534f4c44204f555400660023666666666666.jpg,8020
234/184,CSR,ミミッキュVMAX,234/184,14000,2/6,,7480,在庫なし,https://www.cardrush-pokemon.jp/data/cardrushpokemon/_/70726f647563742f535f5f36383234383336372e6a70670031363000534f4c44204f555400660023666666666666.jpg,6520
244/184,CSR,ブラッキーV,244/184,13000,2/6,,6480,在庫なし,https://www.cardrush-pokemon.jp/data/cardrushpokemon/_/70726f647563742f535f5f36383234383337382e6a70670031363000534f4c44204f555400660023666666666666.jpg,6520
245/184,CSR,ブラッキーVMAX,245/184,16000,2/6,,8980,在庫なし,https://www.cardrush-pokemon.jp/data/cardrushpokemon/_/70726f647563742f535f5f36383234383337392e6a70670031363000534f4c44204f555400660023666666666666.jpg,7020
252/184,CSR,レックウザVMAX,252/184,23000,2/6,,16800,在庫なし,https://www.cardrush-pokemon.jp/data/cardrushpokemon/_/70726f647563742f535f5f36383234383338372e6a70670031363000534f4c44204f555400660023666666666666.jpg,6200
255/184,SR,アセロラの予感,255/184,13000,2/6,,8280,在庫なし,https://www.cardrush-pokemon.jp/data/cardrushpokemon/_/70726f647563742f535f5f36383234383339302e6a70670031363000534f4c44204f555400660023666666666666.jpg,4720
258/184,SR,ガラルの仲間たち,258/184,16000,2/6,,4980,在庫なし,https://www.cardrush-pokemon.jp/data/cardrushpokemon/_/70726f647563742f535f5f36383234383339332e6a70670031363000534f4c44204f555400660023666666666666.jpg,11020
276/184,SR,ユウリ,276/184,14000,2/6,,7980,在庫あり (2枚),https://www.cardrush-pokemon.jp/data/cardrushpokemon/_/70726f647563742f535f5f36383234383431332e6a7067003136300000660023666666666666.jpg,6020
277/184,SR,ルリナ,277/184,8500,2/6,,1780,在庫なし,https://www.cardrush-pokemon.jp/data/cardrushpokemon/_/70726f647563742f535f5f36383234383431342e6a70670031363000534f4c44204f555400660023666666666666.jpg,6720
279/184,UR,ピカチュウVMAX,279/184,18000,2/6,,15800,在庫あり (1枚),https://www.cardrush-pokemon.jp/data/cardrushpokemon/_/70726f647563742f535f5f36383234383334302e6a7067003136300000660023666666666666.jpg,2200
001/025,p,リザードン,001/025,70000,2/2,,57800,在庫なし,https://www.cardrush-pokemon.jp/data/cardrushpokemon/_/70726f647563742f63725338615030312e6a70670031363000534f4c44204f555400660023666666666666.jpg,12200
002/025,p,フシギバナ,002/025,15000,2/6,,9480,在庫なし,https://www.cardrush-pokemon.jp/data/cardrushpokemon/_/70726f647563742f63725338615030322e6a70670031363000534f4c44204f555400660023666666666666.jpg,5520
003/025,p,カメックス,003/025,19000,2/6,,14800,在庫あり (8枚),https://www.cardrush-pokemon.jp/data/cardrushpokemon/_/70726f647563742f63725338615030332e6a7067003136300000660023666666666666.jpg,4200
005/025,p,わるいギャラドス,005/025,13000,2/6,,6480,在庫なし,https://www.cardrush-pokemon.jp/data/cardrushpokemon/_/70726f647563742f63725338615030352e6a70670031363000534f4c44204f555400660023666666666666.jpg,6520
006/025,p,ロケット団参上！,006/025,7000,2/6,,2480,在庫なし,https://www.cardrush-pokemon.jp/data/cardrushpokemon/_/70726f647563742f63725338615030362e6a70670031363000534f4c44204f555400660023666666666666.jpg,4520
007/025,p,_のピカチュウ,007/025,70000,2/11,,52800,在庫なし,https://www.cardrush-pokemon.jp/data/cardrushpokemon/_/70726f647563742f63725338615030372e6a70670031363000534f4c44204f555400660023666666666666.jpg,17200
008/025,p,R団のサンダー,008/025,7000,2/6,,2480,在庫なし,https://www.cardrush-pokemon.jp/data/cardrushpokemon/_/70726f647563742f63725338615030382e6a70670031363000534f4c44204f555400660023666666666666.jpg,4520
009/025,p,ピィ,009/025,5500,2/6,,1580,在庫なし,https://www.cardrush-pokemon.jp/data/cardrushpokemon/_/70726f647563742f63725338615030392e6a70670031363000534f4c44204f555400660023666666666666.jpg,3920
010/025,p,ひかるコイキング,010/025,30000,2/6,,21800,在庫なし,https://www.cardrush-pokemon.jp/data/cardrushpokemon/_/70726f647563742f63725338615031302e6a70670031363000534f4c44204f555400660023666666666666.jpg,8200
012/025,p,ブラッキー スター,012/025,38000,2/6,,34800,在庫なし,https://www.cardrush-pokemon.jp/data/cardrushpokemon/_/70726f647563742f63725338615031322e6a70670031363000534f4c44204f555400660023666666666666.jpg,3200
013/025,p,ロケット団の幹部,013/025,4000,2/6,,680,在庫あり (18枚),https://www.cardrush-pokemon.jp/data/cardrushpokemon/_/70726f647563742f63725338615031332e6a7067003136300000660023666666666666.jpg,3320
014/025,p,ミュウex,014/025,14000,2/6,,7980,在庫なし,https://www.cardrush-pokemon.jp/data/cardrushpokemon/_/70726f647563742f63725338615031342e6a70670031363000534f4c44204f555400660023666666666666.jpg,6020
018/025,p,ガブリアスC　LV.X,018/025,6000,2/6,,1980,在庫なし,https://www.cardrush-pokemon.jp/data/cardrushpokemon/_/70726f647563742f63725338615031382e6a70670031363000534f4c44204f555400660023666666666666.jpg,4020
020/025,p,レシラム,020/025,16000,2/6,,11800,在庫あり (8枚),https://www.cardrush-pokemon.jp/data/cardrushpokemon/_/70726f647563742f63725338615032302e6a7067003136300000660023666666666666.jpg,4200
021/025,p,ゼクロム,021/025,16000,2/6,,11800,在庫あり (6枚),https://www.cardrush-pokemon.jp/data/cardrushpokemon/_/70726f647563742f63725338615032312e6a7067003136300000660023666666666666.jpg,4200
022/025,p,ミュウツーEX,022/025,13000,2/6,,8480,在庫あり (2枚),https://www.cardrush-pokemon.jp/data/cardrushpokemon/_/70726f647563742f63725338615032322e6a7067003136300000660023666666666666.jpg,4520
024/025,p,MレックウザEX,024/025,32000,2/6,,24800,在庫なし,https://www.cardrush-pokemon.jp/data/cardrushpokemon/_/70726f647563742f63725338615032342e6a70670031363000534f4c44204f555400660023666666666666.jpg,7200
030/028,UR,ミュウ,030/028,56000,2/6,,25800,在庫なし,https://www.cardrush-pokemon.jp/data/cardrushpokemon/_/70726f647563742f32303231313032315f3037326239382e6a70670031363000534f4c44204f555400660023666666666666.jpg,30200
119/100,HR,ミュウVMAX(SA),119/100,135000,2/6,,99800,在庫なし,https://www.cardrush-pokemon.jp/data/cardrushpokemon/_/70726f647563742f535f5f36373838373137342e6a70670031363000534f4c44204f555400660023666666666666.jpg,35200
106/100,SR,ミュウV(SA),106/100,29000,2/6,,27800,在庫なし,https://www.cardrush-pokemon.jp/data/cardrushpokemon/_/70726f647563742f535f5f36373838373136302e6a70670031363000534f4c44204f555400660023666666666666.jpg,1200
083/067,HR,ジュラルドンVMAX(SA),083/067,17000,2/6,,19800,在庫なし,https://www.cardrush-pokemon.jp/data/cardrushpokemon/_/70726f647563742f7337443031362e6a70670031363000534f4c44204f555400660023666666666666.jpg,-2800
083/067,HR,レックウザVMAX(SA),083/067,620000,2/6,,578000,在庫なし,https://www.cardrush-pokemon.jp/data/cardrushpokemon/_/70726f647563742f7337523031362e6a70670031363000534f4c44204f555400660023666666666666.jpg,42000
074/067,SR,カイリューV(SA),074/067,80000,2/6,,74800,在庫なし,https://www.cardrush-pokemon.jp/data/cardrushpokemon/_/70726f647563742f7337523030372e6a70670031363000534f4c44204f555400660023666666666666.jpg,5200
076/067,SR,レックウザV(SA),076/067,120000,2/6,,108000,在庫なし,https://www.cardrush-pokemon.jp/data/cardrushpokemon/_/70726f647563742f7337523030392e6a70670031363000534f4c44204f555400660023666666666666.jpg,12000
077/067,SR,サナ,077/067,17000,2/6,,10800,在庫あり (2枚),https://www.cardrush-pokemon.jp/data/cardrushpokemon/_/70726f647563742f7337523031302e6a7067003136300000660023666666666666.jpg,6200
079/067,SR,ヒガナの決意,079/067,10000,2/6,,6780,在庫あり (1枚),https://www.cardrush-pokemon.jp/data/cardrushpokemon/_/70726f647563742f7337523031322e6a7067003136300000660023666666666666.jpg,3220
089/069,HR,リーフィアVMAX（SA),089/069,84000,2/6,,82800,在庫なし,https://www.cardrush-pokemon.jp/data/cardrushpokemon/_/70726f647563742f32303231303532375f3432313764322e6a70670031363000534f4c44204f555400660023666666666666.jpg,1200
091/069,HR,グレイシアVMAX（SA),091/069,100000,2/6,,99800,在庫なし,https://www.cardrush-pokemon.jp/data/cardrushpokemon/_/70726f647563742f32303231303532375f3663303135662e6a70670031363000534f4c44204f555400660023666666666666.jpg,200
093/069,HR,ニンフィアVMAX（SA),093/069,190000,2/6,,158000,在庫なし,https://www.cardrush-pokemon.jp/data/cardrushpokemon/_/70726f647563742f32303231303532375f6463646365302e6a70670031363000534f4c44204f555400660023666666666666.jpg,32000
095/069,HR,ブラッキーVMAX（SA),095/069,520000,2/6,,478000,在庫なし,https://www.cardrush-pokemon.jp/data/cardrushpokemon/_/70726f647563742f32303231303532375f3862393334312e6a70670031363000534f4c44204f555400660023666666666666.jpg,42000
071/069,SR,リーフィアV（SA),071/069,25000,2/6,,20800,在庫あり (3枚),https://www.cardrush-pokemon.jp/data/cardrushpokemon/_/70726f647563742f32303231303532375f6231323664372e6a7067003136300000660023666666666666.jpg,4200
073/069,SR,ブースターＶ（SA),073/069,25000,2/6,,23800,在庫あり (2枚),https://www.cardrush-pokemon.jp/data/cardrushpokemon/_/70726f647563742f32303231303532375f3637333837332e6a7067003136300000660023666666666666.jpg,1200
075/069,SR,シャワーズV（SA),075/069,25000,2/6,,21800,在庫あり (4枚),https://www.cardrush-pokemon.jp/data/cardrushpokemon/_/70726f647563742f32303231303532375f6539386539392e6a7067003136300000660023666666666666.jpg,3200
077/069,SR,グレイシアV（SA),077/069,24000,2/6,,21800,在庫あり (5枚),https://www.cardrush-pokemon.jp/data/cardrushpokemon/_/70726f647563742f32303231303532375f6538323536632e6a7067003136300000660023666666666666.jpg,2200
079/069,SR,サンダースV（SA),079/069,25000,2/6,,20800,在庫あり (3枚),https://www.cardrush-pokemon.jp/data/cardrushpokemon/_/70726f647563742f32303231303532375f3739383333652e6a7067003136300000660023666666666666.jpg,4200
081/069,SR,エーフィV(SA),081/069,26000,2/6,,23800,在庫あり (4枚),https://www.cardrush-pokemon.jp/data/cardrushpokemon/_/70726f647563742f32303231303532375f6165346265322e6a7067003136300000660023666666666666.jpg,2200
083/069,SR,ニンフィアV(SA),083/069,27000,2/6,,27800,在庫あり (2枚),https://www.cardrush-pokemon.jp/data/cardrushpokemon/_/70726f647563742f32303231303532375f3337663337302e6a7067003136300000660023666666666666.jpg,-800
085/069,SR,ブラッキーV（SA),085/069,65000,2/6,,64800,在庫なし,https://www.cardrush-pokemon.jp/data/cardrushpokemon/_/70726f647563742f32303231303532375f3631383834362e6a70670031363000534f4c44204f555400660023666666666666.jpg,200
086/070,HR,こくばバドレックスVMAX（SA),086/070,120000,2/6,,89800,在庫なし,https://www.cardrush-pokemon.jp/data/cardrushpokemon/_/70726f647563742f73364b3031362e6a70670031363000534f4c44204f555400660023666666666666.jpg,30200
074/070,SR,ゼラオラV(SA),074/070,14000,2/6,,12800,在庫あり (4枚),https://www.cardrush-pokemon.jp/data/cardrushpokemon/_/70726f647563742f73364b3030342e6a7067003136300000660023666666666666.jpg,1200
076/070,SR,こくばバドレックスV（SA),076/070,6500,2/6,,3480,在庫なし,https://www.cardrush-pokemon.jp/data/cardrushpokemon/_/70726f647563742f73364b3030362e6a70670031363000534f4c44204f555400660023666666666666.jpg,3020
085/070,HR,はくばバドレックスVMAX(SA),085/070,60000,2/6,,59800,在庫なし,https://www.cardrush-pokemon.jp/data/cardrushpokemon/_/70726f647563742f7336483031352e6a70670031363000534f4c44204f555400660023666666666666.jpg,200
086/070,HR,バシャーモVMAX(SA),086/070,130000,2/6,,89800,在庫なし,https://www.cardrush-pokemon.jp/data/cardrushpokemon/_/70726f647563742f72757368705335613038363037302e6a70670031363000534f4c44204f555400660023666666666666.jpg,40200
074/070,SR,ガラルフリーザーV(SA),074/070,10000,2/6,,7480,在庫なし,https://www.cardrush-pokemon.jp/data/cardrushpokemon/_/70726f647563742f72757368705335613037343037302e6a70670031363000534f4c44204f555400660023666666666666.jpg,2520
076/070,SR,ガラルサンダーV(SA),076/070,10000,2/6,,7280,在庫なし,https://www.cardrush-pokemon.jp/data/cardrushpokemon/_/70726f647563742f72757368705335613037363037302e6a70670031363000534f4c44204f555400660023666666666666.jpg,2720
078/070,SR,ガラルファイヤーV(SA),078/070,60000,2/6,,52800,在庫なし,https://www.cardrush-pokemon.jp/data/cardrushpokemon/_/70726f647563742f72757368705335613037383037302e6a70670031363000534f4c44204f555400660023666666666666.jpg,7200
080/070,SR,ガラルヤドキングV(SA),080/070,16000,2/6,,14800,在庫あり (1枚),https://www.cardrush-pokemon.jp/data/cardrushpokemon/_/70726f647563742f72757368705335613038303037302e6a7067003136300000660023666666666666.jpg,1200
082/070,SR,クララ,082/070,19000,2/6,,12800,在庫あり (1枚),https://www.cardrush-pokemon.jp/data/cardrushpokemon/_/70726f647563742f72757368705335613038323037302e6a7067003136300000660023666666666666.jpg,6200
084/070,HR,れんげきウーラオスVMAX(SA),084/070,100000,2/6,,79800,在庫なし,https://www.cardrush-pokemon.jp/data/cardrushpokemon/_/70726f647563742f7335522d53525f3231303132315f31332e6a70670031363000534f4c44204f555400660023666666666666.jpg,20200
074/070,SR,エンペルトV(SA),074/070,22000,2/6,,10800,在庫なし,https://www.cardrush-pokemon.jp/data/cardrushpokemon/_/70726f647563742f7335522d53525f3231303132315f332e6a70670031363000534f4c44204f555400660023666666666666.jpg,11200
079/070,SR,コルニの気合い,079/070,10000,2/6,,6480,在庫あり (5枚),https://www.cardrush-pokemon.jp/data/cardrushpokemon/_/70726f647563742f32303231303132325f6530326431372e6a7067003136300000660023666666666666.jpg,3520
081/070,SR,モミ,081/070,7500,2/6,,6780,在庫あり (13枚),https://www.cardrush-pokemon.jp/data/cardrushpokemon/_/70726f647563742f7335522d53525f3231303132315f31302e6a7067003136300000660023666666666666.jpg,720
085/070,HR,いちげきウーラオスVMAX(SA),085/070,52000,2/6,,42800,在庫なし,https://www.cardrush-pokemon.jp/data/cardrushpokemon/_/70726f647563742f7335492d53525f3231303132315f31342e6a70670031363000534f4c44204f555400660023666666666666.jpg,9200
077/070,SR,バンギラスV(SA),077/070,60000,2/6,,52800,在庫なし,https://www.cardrush-pokemon.jp/data/cardrushpokemon/_/70726f647563742f7335492d53525f3231303132315f362e6a70670031363000534f4c44204f555400660023666666666666.jpg,7200
080/070,SR,フヨウ,080/070,9000,2/6,,2980,在庫なし,https://www.cardrush-pokemon.jp/data/cardrushpokemon/_/70726f647563742f7335492d53525f3231303132315f392e6a70670031363000534f4c44204f555400660023666666666666.jpg,6020
307/190,SSR,リザードンV,307/190,21000,2/6,,17800,在庫あり (5枚),https://www.cardrush-pokemon.jp/data/cardrushpokemon/_/70726f647563742f534853545653303330372e6a7067003136300000660023666666666666.jpg,3200
308/190,SSR,リザードンVMAX,308/190,30000,2/6,,27800,在庫あり (6枚),https://www.cardrush-pokemon.jp/data/cardrushpokemon/_/70726f647563742f534853545653303330382e6a7067003136300000660023666666666666.jpg,2200
195/190,SR,フウロ,195/190,9500,2/6,,4780,在庫なし,https://www.cardrush-pokemon.jp/data/cardrushpokemon/_/70726f647563742f534853545653303139352e6a70670031363000534f4c44204f555400660023666666666666.jpg,4720
197/190,SR,ポケモンごっこ,197/190,8000,2/6,,2780,在庫なし,https://www.cardrush-pokemon.jp/data/cardrushpokemon/_/70726f647563742f534853545653303139372e6a70670031363000534f4c44204f555400660023666666666666.jpg,5220
198/190,SR,マリィ,198/190,23000,2/6,,0,在庫なし,https://www.cardrush-pokemon.jp/data/cardrushpokemon/_/0031363000534f4c44204f555400660023666666666666.jpg,
114/100,HR,ピカチュウVMAX,114/100,68000,2/6,,29800,在庫なし,https://www.cardrush-pokemon.jp/data/cardrushpokemon/_/70726f647563742f32303232303130345f3631633439342e6a70670031363000534f4c44204f555400660023666666666666.jpg,38200
104/100,SR,ピカチュウV,104/100,25000,2/6,,12800,在庫なし,https://www.cardrush-pokemon.jp/data/cardrushpokemon/_/70726f647563742f53503130342e6a70670031363000534f4c44204f555400660023666666666666.jpg,12200
111/100,SR,ルリナ,111/100,8500,2/6,,5480,在庫あり (4枚),https://www.cardrush-pokemon.jp/data/cardrushpokemon/_/70726f647563742f53503131312e6a7067003136300000660023666666666666.jpg,3020
106/096,SR,ボスの指令(サカキ),106/096,16000,2/6,,22800,在庫なし,https://www.cardrush-pokemon.jp/data/cardrushpokemon/_/70726f647563742f7373323130362e6a70670031363000534f4c44204f555400660023666666666666.jpg,-6800
077/070,SR,ソニア,077/070,32000,2/6,,29800,在庫あり (3枚),https://www.cardrush-pokemon.jp/data/cardrushpokemon/_/70726f647563742f564d41587261697a696e675f32303230303230365f303030372e6a7067003136300000660023666666666666.jpg,2200
073/060,UR,ザシアンV,073/060,6000,2/6,,5480,在庫なし,https://www.cardrush-pokemon.jp/data/cardrushpokemon/_/70726f647563742f7331775f32303139313230355f303031332e6a70670031363000534f4c44204f555400660023666666666666.jpg,520
046/060,RRR,カビゴンVMAX,046/060,7000,2/6,,5280,在庫あり (26枚),https://www.cardrush-pokemon.jp/data/cardrushpokemon/_/70726f647563742f73313130362e6a7067003136300000660023666666666666.jpg,1720
068/060,SR,マリィ,068/060,80000,2/6,,79800,在庫あり (3枚),https://www.cardrush-pokemon.jp/data/cardrushpokemon/_/70726f647563742f7331685f32303139313230355f303030382e6a7067003136300000660023666666666666.jpg,200
001/S-P,P,ピカチュウ,001/S-P,110000,2/6,,,在庫なし,,
002/S-P,P,シブヤのピカチュウ,002/S-P,65000,2/6,,,在庫なし,,
020/019,SCG,ゲンガーVMAX(SA),020/019,225000,2/6,,228000,在庫なし,https://www.cardrush-pokemon.jp/data/cardrushpokemon/_/70726f647563742f32303231303532375f3238646234342e6a70670031363000534f4c44204f555400660023666666666666.jpg,-3000
123/S-P,P,ピカチュウVAMX(バンザイピカチュウ),123/S-P,45000,2/6,,,在庫なし,,
144/S-P,P,カナザワのピカチュウ,144/S-P,35000,2/6,,25800,在庫なし,https://www.cardrush-pokemon.jp/data/cardrushpokemon/_/70726f647563742f32303230313132305f3538326432372e6a70670031363000534f4c44204f555400660023666666666666.jpg,9200
147/S-P,P,カナザワのピカチュウ(スペシャルBOX版),147/S-P,110000,2/6,,67800,在庫なし,https://www.cardrush-pokemon.jp/data/cardrushpokemon/_/70726f647563742f32303230313131395f3264316561372e6a70670031363000534f4c44204f555400660023666666666666.jpg,42200
189/S-P,P,エーフィVMAX,189/S-P,60000,2/13,,39800,在庫なし,https://www.cardrush-pokemon.jp/data/cardrushpokemon/_/70726f647563742f32303231303532375f3335303061392e6a70670031363000534f4c44204f555400660023666666666666.jpg,20200
227/S-P,P,ピカチュウ(見返り美人),227/S-P,290000,2/6,,158000,在庫なし,https://www.cardrush-pokemon.jp/data/cardrushpokemon/_/70726f647563742f32303231303832345f3733646265382e6a70670031363000534f4c44204f555400660023666666666666.jpg,132000
226/S-P,P,ウッウ(月に雁),226/S-P,45000,2/6,,44800,在庫あり (2枚),https://www.cardrush-pokemon.jp/data/cardrushpokemon/_/70726f647563742f32303231303832345f6365626361342e6a7067003136300000660023666666666666.jpg,200
267/S-P,P,アルセウスV,267/S-P,6000,2/6,,1580,在庫あり (6枚),https://www.cardrush-pokemon.jp/data/cardrushpokemon/_/70726f647563742f32303232303132375f3765613863342e6a7067003136300000660023666666666666.jpg,4420
323/S-P,P,ピカチュウ,323/S-P,65000,2/6,,37800,在庫なし,https://www.cardrush-pokemon.jp/data/cardrushpokemon/_/70726f647563742f32303232313132325f6236653239652e6a70670031363000534f4c44204f555400660023666666666666.jpg,27200
001/015,P,ピカチュウV,001/015,140000,2/6,,34800,在庫なし,https://www.cardrush-pokemon.jp/data/cardrushpokemon/_/70726f647563742f50696b616368753030313031352e6a70670031363000534f4c44204f555400660023666666666666.jpg,105200
208/S-P,P,ピカチュウ,208/S-P,30000,2/6,,17800,在庫なし,https://www.cardrush-pokemon.jp/data/cardrushpokemon/_/70726f647563742f32303231303732315f3037626631322e6a70670031363000534f4c44204f555400660023666666666666.jpg,12200
103/S-P,P,リザードンV(争奪戦プロモ),103/S-P,300000,2/6,,358000,在庫あり (1枚),https://www.cardrush-pokemon.jp/data/cardrushpokemon/_/70726f647563742f32303230303732335f3165336538302e6a7067003136300000660023666666666666.jpg,-58000
104/S-P,P,リザードンVMAX(争奪戦プロモ),104/S-P,1300000,2/6,,,在庫なし,,
304/S-P,P,ルカリオV(争奪戦プロモ),304/S-P,45000,2/6,,35800,在庫なし,https://www.cardrush-pokemon.jp/data/cardrushpokemon/_/70726f647563742f32303233303133315f6164616239382e6a70670031363000534f4c44204f555400660023666666666666.jpg,9200
305/S-P,P,ルカリオVstar(争奪戦プロモ),305/S-P,150000,2/6,,138000,在庫なし,https://www.cardrush-pokemon.jp/data/cardrushpokemon/_/70726f647563742f32303232303932375f3734333836652e6a70670031363000534f4c44204f555400660023666666666666.jpg,12000
220/173,UR,レシラム＆リザードンGX,220/173,52000,2/2,,42800,在庫なし,https://www.cardrush-pokemon.jp/data/cardrushpokemon/_/70726f647563742f3033382e6a70670031363000534f4c44204f555400660023666666666666.jpg,9200
221/173,UR,ピカチュウ＆ゼクロムGX,221/173,48000,2/2,,39800,在庫なし,https://www.cardrush-pokemon.jp/data/cardrushpokemon/_/70726f647563742f3033392e6a70670031363000534f4c44204f555400660023666666666666.jpg,8200
222/173,UR,ミュウツー＆ミュウGX,222/173,50000,2/2,,44800,在庫なし,https://www.cardrush-pokemon.jp/data/cardrushpokemon/_/70726f647563742f3034302e6a70670031363000534f4c44204f555400660023666666666666.jpg,5200
225/173,UR,ガブリアス＆ギラティナGX,225/173,17000,2/2,,14800,在庫なし,https://www.cardrush-pokemon.jp/data/cardrushpokemon/_/70726f647563742f3034332e6a70670031363000534f4c44204f555400660023666666666666.jpg,2200
226/173,UR,ファイヤー＆サンダー＆フリーザーGX,226/173,29000,2/2,,23800,在庫なし,https://www.cardrush-pokemon.jp/data/cardrushpokemon/_/70726f647563742f3034342e6a70670031363000534f4c44204f555400660023666666666666.jpg,5200
215/173,HR,ブラッキー＆ダークライGX,215/173,24000,2/2,,24800,在庫なし,https://www.cardrush-pokemon.jp/data/cardrushpokemon/_/70726f647563742f3033332e6a70670031363000534f4c44204f555400660023666666666666.jpg,-800
219/173,HR,イーブイGX,219/173,38000,2/2,,26800,在庫あり (1枚),https://www.cardrush-pokemon.jp/data/cardrushpokemon/_/70726f647563742f3033372e6a7067003136300000660023666666666666.jpg,11200
175/173,SR,デデンネGX(SA),175/173,25000,2/2,,15800,在庫あり (1枚),https://www.cardrush-pokemon.jp/data/cardrushpokemon/_/70726f647563742f3030322e6a7067003136300000660023666666666666.jpg,9200
177/173,SR,エーフィ＆デオキシスGX(SA),177/173,60000,2/2,,42800,在庫なし,https://www.cardrush-pokemon.jp/data/cardrushpokemon/_/70726f647563742f3030342e6a70670031363000534f4c44204f555400660023666666666666.jpg,17200
179/173,SR,オーロット＆ヨノワールGX(SA),179/173,12000,2/2,,9980,在庫なし,https://www.cardrush-pokemon.jp/data/cardrushpokemon/_/70726f647563742f3030362e6a70670031363000534f4c44204f555400660023666666666666.jpg,2020
182/173,SR,ブラッキー&ダークライGX(SA),182/173,170000,2/2,,158000,在庫なし,https://www.cardrush-pokemon.jp/data/cardrushpokemon/_/70726f647563742f3030392e6a70670031363000534f4c44204f555400660023666666666666.jpg,12000
186/173,SR,トゲピー&ピィ&ププリンGX(SA),186/173,68000,2/2,,49800,在庫なし,https://www.cardrush-pokemon.jp/data/cardrushpokemon/_/70726f647563742f3031332e6a70670031363000534f4c44204f555400660023666666666666.jpg,18200
188/173,SR,イーブイGX(SA),188/173,68000,2/2,,49800,在庫なし,https://www.cardrush-pokemon.jp/data/cardrushpokemon/_/70726f647563742f3031352e6a70670031363000534f4c44204f555400660023666666666666.jpg,18200
190/173,SR,エリカのおもてなし,190/173,130000,2/2,,118000,在庫あり (2枚),https://www.cardrush-pokemon.jp/data/cardrushpokemon/_/70726f647563742f3031372e6a7067003136300000660023666666666666.jpg,12000
191/173,SR,カスミ＆カンナ,191/173,70000,2/2,,42800,在庫なし,https://www.cardrush-pokemon.jp/data/cardrushpokemon/_/70726f647563742f3031382e6a70670031363000534f4c44204f555400660023666666666666.jpg,27200
192/173,SR,かんこうきゃく,192/173,200000,2/2,,138000,在庫なし,https://www.cardrush-pokemon.jp/data/cardrushpokemon/_/70726f647563742f3031392e6a70670031363000534f4c44204f555400660023666666666666.jpg,62000
193/173,SR,グリーンの戦略,193/173,52000,2/2,,34800,在庫なし,https://www.cardrush-pokemon.jp/data/cardrushpokemon/_/70726f647563742f3032302e6a70670031363000534f4c44204f555400660023666666666666.jpg,17200
196/173,SR,ブルーの探索,196/173,120000,2/2,,74800,在庫あり (1枚),https://www.cardrush-pokemon.jp/data/cardrushpokemon/_/70726f647563742f3032332e6a7067003136300000660023666666666666.jpg,45200
197/173,SR,ホミカ,197/173,13000,2/2,,6980,在庫なし,https://www.cardrush-pokemon.jp/data/cardrushpokemon/_/70726f647563742f3032342e6a70670031363000534f4c44204f555400660023666666666666.jpg,6020
198/173,SR,マツリカ,198/173,12000,2/2,,8480,在庫あり (5枚),https://www.cardrush-pokemon.jp/data/cardrushpokemon/_/70726f647563742f3032352e6a7067003136300000660023666666666666.jpg,3520
201/173,SR,レッドの挑戦,201/173,72000,2/2,,39800,在庫なし,https://www.cardrush-pokemon.jp/data/cardrushpokemon/_/70726f647563742f3032382e6a70670031363000534f4c44204f555400660023666666666666.jpg,32200
100/095,SR,アルセウス＆ディアルガ＆パルキアGX(SA),100/095,120000,2/2,,108000,在庫なし,https://www.cardrush-pokemon.jp/data/cardrushpokemon/_/70726f647563742f736d31323130302e6a70670031363000534f4c44204f555400660023666666666666.jpg,12000
104/095,SR,メガミミロップ＆プリンGX(SA),104/095,27000,2/2,,29800,在庫あり (2枚),https://www.cardrush-pokemon.jp/data/cardrushpokemon/_/70726f647563742f736d31323130342e6a7067003136300000660023666666666666.jpg,-2800
107/095,SR,マオ＆スイレン,107/095,22000,2/5,,22800,在庫あり (1枚),https://www.cardrush-pokemon.jp/data/cardrushpokemon/_/70726f647563742f736d31323130372e6a7067003136300000660023666666666666.jpg,-800
108/095,SR,レッド＆グリーン,108/095,14000,2/2,,9480,在庫なし,https://www.cardrush-pokemon.jp/data/cardrushpokemon/_/70726f647563742f736d31323130382e6a70670031363000534f4c44204f555400660023666666666666.jpg,4520
070/049,HR,ソルガレオ＆ルナアーラGX（SA）,070/049,30000,2/2,,27800,在庫なし,https://www.cardrush-pokemon.jp/data/cardrushpokemon/_/70726f647563742f32303139303830395f6663343637352e6a70670031363000534f4c44204f555400660023666666666666.jpg,2200
071/049,HR,レシラム＆ゼクロムGX（SA）,071/049,20000,2/2,,17800,在庫あり (1枚),https://www.cardrush-pokemon.jp/data/cardrushpokemon/_/70726f647563742f32303139303830395f3636376261632e6a7067003136300000660023666666666666.jpg,2200
062/049,SR,ラフレシアGX（SA）,062/049,14500,2/2,,9480,在庫あり (3枚),https://www.cardrush-pokemon.jp/data/cardrushpokemon/_/70726f647563742f32303139303830395f3561656539662e6a7067003136300000660023666666666666.jpg,5020
063/049,SR,ソルガレオ＆ルナアーラGX（SA）,063/049,70000,2/2,,69800,在庫あり (2枚),https://www.cardrush-pokemon.jp/data/cardrushpokemon/_/70726f647563742f32303139303830395f6664666638372e6a7067003136300000660023666666666666.jpg,200
064/049,SR,レシラム＆ゼクロムGX（SA）,064/049,42000,2/2,,35800,在庫あり (2枚),https://www.cardrush-pokemon.jp/data/cardrushpokemon/_/70726f647563742f32303139303830395f3161303665632e6a7067003136300000660023666666666666.jpg,6200
067/049,SR,メイ,067/049,70000,2/2,,57800,在庫あり (2枚),https://www.cardrush-pokemon.jp/data/cardrushpokemon/_/70726f647563742f32303139303830395f3564313063312e6a7067003136300000660023666666666666.jpg,12200
068/049,SR,リーリエの全力,068/049,72000,2/2,,59800,在庫あり (7枚),https://www.cardrush-pokemon.jp/data/cardrushpokemon/_/70726f647563742f736d3131623036382e6a7067003136300000660023666666666666.jpg,12200
052/049,CHR,ポッチャマ,052/049,15000,2/2,,13800,在庫あり (3枚),https://www.cardrush-pokemon.jp/data/cardrushpokemon/_/70726f647563742f32303139303830395f6231396166642e6a7067003136300000660023666666666666.jpg,1200
054/049,CHR,ピカチュウ,054/049,35000,2/5,,29800,在庫あり (5枚),https://www.cardrush-pokemon.jp/data/cardrushpokemon/_/70726f647563742f32303139303830395f3632333231632e6a7067003136300000660023666666666666.jpg,5200
058/049,CHR,ミミッキュ,058/049,13000,2/2,,8480,在庫なし,https://www.cardrush-pokemon.jp/data/cardrushpokemon/_/70726f647563742f32303139303830395f3736373461382e6a70670031363000534f4c44204f555400660023666666666666.jpg,4520
066/064,SR,フシギバナ＆ツタージャGX(SA),066/064,25000,2/4,,15800,在庫なし,https://www.cardrush-pokemon.jp/data/cardrushpokemon/_/70726f647563742f736d313161323030322e6a70670031363000534f4c44204f555400660023666666666666.jpg,9200
068/064,SR,リザードン＆テールナーGX(SA),068/064,100000,2/4,,72800,在庫あり (2枚),https://www.cardrush-pokemon.jp/data/cardrushpokemon/_/70726f647563742f736d313161323030342e6a7067003136300000660023666666666666.jpg,27200
070/064,SR,カメックス＆ポッチャマGX(SA),070/064,70000,2/4,,49800,在庫あり (4枚),https://www.cardrush-pokemon.jp/data/cardrushpokemon/_/70726f647563742f736d313161323030362e6a7067003136300000660023666666666666.jpg,20200
096/094,SR,ヤドン＆コダックGX(SA),096/094,95000,2/4,,49800,在庫あり (1枚),https://www.cardrush-pokemon.jp/data/cardrushpokemon/_/70726f647563742f32303139303732385f3834323834632e6a7067003136300000660023666666666666.jpg,45200
098/094,SR,ミュウツー＆ミュウGX(SA),098/094,250000,2/5,,198000,在庫あり (4枚),https://www.cardrush-pokemon.jp/data/cardrushpokemon/_/70726f647563742f32303139303732385f3863346430622e6a7067003136300000660023666666666666.jpg,52000
102/094,SR,メガヤミラミ＆バンギラスGX(SA),102/094,52000,2/4,,32800,在庫なし,https://www.cardrush-pokemon.jp/data/cardrushpokemon/_/70726f647563742f32303139303732385f6262316165362e6a70670031363000534f4c44204f555400660023666666666666.jpg,19200
104/094,SR,カスミのおねがい,104/094,70000,2/4,,32800,在庫なし,https://www.cardrush-pokemon.jp/data/cardrushpokemon/_/70726f647563742f736d31313130342e6a70670031363000534f4c44204f555400660023666666666666.jpg,37200
060/054,SR,ファイヤー＆サンダー＆フリーザーGX(SA),060/054,300000,2/4,,188000,在庫あり (7枚),https://www.cardrush-pokemon.jp/data/cardrushpokemon/_/70726f647563742f32303139303432355f3236366530392e6a7067003136300000660023666666666666.jpg,112000
062/054,SR,ムサシとコジロウ,062/054,62000,2/4,,37800,在庫あり (2枚),https://www.cardrush-pokemon.jp/data/cardrushpokemon/_/70726f647563742f736d3130623036322e6a7067003136300000660023666666666666.jpg,24200
057/054,SR,ライチュウ＆アローラライチュウGX(SA),057/054,120000,2/9,,59800,在庫なし,https://www.cardrush-pokemon.jp/data/cardrushpokemon/_/70726f647563742f736d3130613035372e6a70670031363000534f4c44204f555400660023666666666666.jpg,60200
060/054,SR,ガブリアス＆ギラティナGX(SA),060/054,72000,2/9,,35800,在庫なし,https://www.cardrush-pokemon.jp/data/cardrushpokemon/_/70726f647563742f736d3130613036302e6a70670031363000534f4c44204f555400660023666666666666.jpg,36200
108/095,HR,レシラム＆リザードンGX,108/095,32000,2/4,,21800,在庫なし,https://www.cardrush-pokemon.jp/data/cardrushpokemon/_/70726f647563742f32303139303330315f3665316363372e6a70670031363000534f4c44204f555400660023666666666666.jpg,10200
097/095,SR,レシラム＆リザードンGX(SA),097/095,190000,2/4,,148000,在庫あり (3枚),https://www.cardrush-pokemon.jp/data/cardrushpokemon/_/70726f647563742f736d31303039372e6a7067003136300000660023666666666666.jpg,42000
101/095,SR,マーシャドー＆カイリキーGX(SA),101/095,27000,2/4,,17800,在庫なし,https://www.cardrush-pokemon.jp/data/cardrushpokemon/_/70726f647563742f32303139303330315f3162306335342e6a70670031363000534f4c44204f555400660023666666666666.jpg,9200
059/054,SR,ルカリオ＆メルメタルGX(SA),059/054,40000,2/4,,19800,在庫なし,https://www.cardrush-pokemon.jp/data/cardrushpokemon/_/70726f647563742f736d39622d3035392e6a70670031363000534f4c44204f555400660023666666666666.jpg,20200
061/054,SR,ブルーの探索,061/054,50000,2/4,,31800,在庫あり (3枚),https://www.cardrush-pokemon.jp/data/cardrushpokemon/_/70726f647563742f736d39622d3036312e6a7067003136300000660023666666666666.jpg,18200
067/055,HR,サーナイト＆ニンフィアGX,067/055,17000,2/4,,14800,在庫なし,https://www.cardrush-pokemon.jp/data/cardrushpokemon/_/70726f647563742f535f5f333634353533372e6a70670031363000534f4c44204f555400660023666666666666.jpg,2200
059/055,SR,ゲッコウガ＆ゾロアークGX(SA),059/055,88000,2/4,,59800,在庫なし,https://www.cardrush-pokemon.jp/data/cardrushpokemon/_/70726f647563742f535f5f333634353533332e6a70670031363000534f4c44204f555400660023666666666666.jpg,28200
061/055,SR,サーナイト＆ニンフィアGX(SA),061/055,220000,2/4,,168000,在庫あり (10枚),https://www.cardrush-pokemon.jp/data/cardrushpokemon/_/70726f647563742f535f5f333634353533352e6a7067003136300000660023666666666666.jpg,52000
112/095,HR,ピカチュウ＆ゼクロムGX,112/095,34000,2/4,,23800,在庫なし,https://www.cardrush-pokemon.jp/data/cardrushpokemon/_/70726f647563742f736d393131322e6a70670031363000534f4c44204f555400660023666666666666.jpg,10200
113/095,HR,ゲンガー＆ミミッキュGX,113/095,55000,2/4,,44800,在庫なし,https://www.cardrush-pokemon.jp/data/cardrushpokemon/_/70726f647563742f736d393131332e4a50470031363000534f4c44204f555400660023666666666666.jpg,10200
097/095,SR,セレビィ＆フシギバナGX(SA),097/095,42000,2/4,,27800,在庫なし,https://www.cardrush-pokemon.jp/data/cardrushpokemon/_/70726f647563742f736d393039372e6a70670031363000534f4c44204f555400660023666666666666.jpg,14200
099/095,SR,コイキング＆ホエルオーGX(SA),099/095,260000,2/4,,148000,在庫あり (7枚),https://www.cardrush-pokemon.jp/data/cardrushpokemon/_/70726f647563742f736d393039392e6a7067003136300000660023666666666666.jpg,112000
101/095,SR,ピカチュウ＆ゼクロムGX(SA),101/095,380000,2/4,,278000,在庫あり (6枚),https://www.cardrush-pokemon.jp/data/cardrushpokemon/_/70726f647563742f736d393130312e4a5047003136300000660023666666666666.jpg,102000
103/095,SR,ゲンガー＆ミミッキュGX(SA),103/095,290000,2/4,,298000,在庫あり (3枚),https://www.cardrush-pokemon.jp/data/cardrushpokemon/_/70726f647563742f736d393130332e6a7067003136300000660023666666666666.jpg,-8000
105/095,SR,ラティアス＆ラティオスGX(SA),105/095,500000,2/4,,478000,在庫あり (1枚),https://www.cardrush-pokemon.jp/data/cardrushpokemon/_/70726f647563742f736d393130352e4a5047003136300000660023666666666666.jpg,22000
107/095,SR,エリカのおもてなし,107/095,37000,2/4,,23800,在庫あり (7枚),https://www.cardrush-pokemon.jp/data/cardrushpokemon/_/70726f647563742f736d393130372e4a5047003136300000660023666666666666.jpg,13200
209/150,SSR,リザードンGX,209/150,230000,2/4,,228000,在庫あり (2枚),https://www.cardrush-pokemon.jp/data/cardrushpokemon/_/70726f647563742f32303138313130325f6337356661652e6a7067003136300000660023666666666666.jpg,2000
229/150,SSR,ブラッキーGX,229/150,110000,2/4,,84800,在庫なし,https://www.cardrush-pokemon.jp/data/cardrushpokemon/_/70726f647563742f7573666f696c3232362e6a70670031363000534f4c44204f555400660023666666666666.jpg,25200
238/150,SSR,ニンフィアGX,238/150,55000,2/4,,32800,在庫なし,https://www.cardrush-pokemon.jp/data/cardrushpokemon/_/70726f647563742f7573666f696c3233352e6a70670031363000534f4c44204f555400660023666666666666.jpg,22200
240/150,SSR,レックウザGX,240/150,170000,2/4,,74800,在庫なし,https://www.cardrush-pokemon.jp/data/cardrushpokemon/_/70726f647563742f7573666f696c3233372e6a70670031363000534f4c44204f555400660023666666666666.jpg,95200
153/150,SR,シロナ,153/150,48000,2/4,,37800,在庫あり (8枚),https://www.cardrush-pokemon.jp/data/cardrushpokemon/_/70726f647563742f32303139303732335f6563353461352e6a7067003136300000660023666666666666.jpg,10200
058/052,SR,ミカン,058/052,26000,2/4,,18800,在庫あり (3枚),https://www.cardrush-pokemon.jp/data/cardrushpokemon/_/70726f647563742f32303138313030355f3861323965372e6a7067003136300000660023666666666666.jpg,7200
108/095,HR,ルギアGX,108/095,42000,2/4,,27800,在庫なし,https://www.cardrush-pokemon.jp/data/cardrushpokemon/_/70726f647563742f32303138303930375f6463353436372e6a70670031363000534f4c44204f555400660023666666666666.jpg,14200
101/095,SR,アカネ,101/095,22000,2/4,,13800,在庫あり (11枚),https://www.cardrush-pokemon.jp/data/cardrushpokemon/_/70726f647563742f313839377073696e382e6a7067003136300000660023666666666666.jpg,8200
056/050,SR,マツリカ,056/050,12000,2/4,,6480,在庫あり (3枚),https://www.cardrush-pokemon.jp/data/cardrushpokemon/_/70726f647563742f6d61747572696b6173722e6a7067003136300000660023666666666666.jpg,5520
060/050,HR,ミミッキュGX,060/050,20000,2/4,,11800,在庫なし,https://www.cardrush-pokemon.jp/data/cardrushpokemon/_/70726f647563742f6d696d696b6b797568722e6a70670031363000534f4c44204f555400660023666666666666.jpg,8200
065/060,SR,カヒリ,065/060,16000,2/4,,9980,在庫あり (4枚),https://www.cardrush-pokemon.jp/data/cardrushpokemon/_/70726f647563742f6b616869726973722e6a7067003136300000660023666666666666.jpg,6020
109/096,HR,レックウザGX,109/096,95000,2/4,,42800,在庫なし,https://www.cardrush-pokemon.jp/data/cardrushpokemon/_/70726f647563742f72656b6b757568722e6a70670031363000534f4c44204f555400660023666666666666.jpg,52200
104/096,SR,ルチア,104/096,230000,2/4,,268000,在庫あり (1枚),https://www.cardrush-pokemon.jp/data/cardrushpokemon/_/70726f647563742f32303233313032305f6239306138642e6a7067003136300000660023666666666666.jpg,-38000
073/066,SR,地底探検隊,073/066,30000,2/4,,,在庫なし,,
074/066,SR,TVレポーター,074/066,23000,2/4,,24800,在庫あり (12枚),https://www.cardrush-pokemon.jp/data/cardrushpokemon/_/70726f647563742f747630372e6a7067003136300000660023666666666666.jpg,-1800
077/066,SR,モノマネむすめ,077/066,32000,2/4,,32800,在庫あり (5枚),https://www.cardrush-pokemon.jp/data/cardrushpokemon/_/70726f647563742f6d6f6e6f6d616e6573722e6a7067003136300000660023666666666666.jpg,-800
059/053,SR,ヒガナ,059/053,72000,2/4,,44800,在庫あり (4枚),https://www.cardrush-pokemon.jp/data/cardrushpokemon/_/70726f647563742f686967616e6173722e6a7067003136300000660023666666666666.jpg,27200
100/094,SR,おじょうさま,100/094,42000,2/4,,37800,在庫あり (1枚),https://www.cardrush-pokemon.jp/data/cardrushpokemon/_/70726f647563742f6f6a796f7573722e6a7067003136300000660023666666666666.jpg,4200
101/094,SR,カルネ,101/094,20000,2/4,,11800,在庫あり (5枚),https://www.cardrush-pokemon.jp/data/cardrushpokemon/_/70726f647563742f6b6172756e6573722e6a7067003136300000660023666666666666.jpg,8200
102/094,SR,ユリーカ,102/094,18000,2/4,,17800,在庫あり (10枚),https://www.cardrush-pokemon.jp/data/cardrushpokemon/_/70726f647563742f797572696b6173722e6a7067003136300000660023666666666666.jpg,200
059/050,HR,ルカリオGX,059/050,20000,2/4,,15800,在庫なし,https://www.cardrush-pokemon.jp/data/cardrushpokemon/_/70726f647563742f72756b6172696f3035392e6a70670031363000534f4c44204f555400660023666666666666.jpg,4200
055/050,SR,ウルトラ調査隊,055/050,9000,2/4,,8980,在庫あり (12枚),https://www.cardrush-pokemon.jp/data/cardrushpokemon/_/70726f647563742f75727574616e6e73722e6a7067003136300000660023666666666666.jpg,20
070/066,SR,ナタネ,070/066,42000,2/4,,28800,在庫あり (5枚),https://www.cardrush-pokemon.jp/data/cardrushpokemon/_/70726f647563742f6e6174616e657372322e6a7067003136300000660023666666666666.jpg,13200
072/066,SR,マーズ,072/066,9500,2/4,,17800,在庫あり (7枚),https://www.cardrush-pokemon.jp/data/cardrushpokemon/_/70726f647563742f6d617a7573722e6a7067003136300000660023666666666666.jpg,-8300
070/066,SR,シロナ,070/066,140000,2/4,,118000,在庫あり (2枚),https://www.cardrush-pokemon.jp/data/cardrushpokemon/_/70726f647563742f32303139303732335f3566663261352e6a7067003136300000660023666666666666.jpg,22000
118/114,SR,スイレン,118/114,200000,2/4,,74800,在庫あり (4枚),https://www.cardrush-pokemon.jp/data/cardrushpokemon/_/70726f647563742f73756972656e6e7372392e6a7067003136300000660023666666666666.jpg,125200
119/114,SR,リーリエ,119/114,1700000,2/4,,998000,在庫なし,https://www.cardrush-pokemon.jp/data/cardrushpokemon/_/70726f647563742f32303139303732335f6136396334612e6a70670031363000534f4c44204f555400660023666666666666.jpg,702000
120/114,SR,ルザミーネ,120/114,350000,2/4,,188000,在庫あり (1枚),https://www.cardrush-pokemon.jp/data/cardrushpokemon/_/70726f647563742f72757a616d6979616d696f7469312e6a7067003136300000660023666666666666.jpg,162000
055/050,SR,グラジオ,055/050,24000,2/4,,27800,在庫あり (4枚),https://www.cardrush-pokemon.jp/data/cardrushpokemon/_/70726f647563742f677572616a696f73722e6a7067003136300000660023666666666666.jpg,-3800
055/050,SR,ルザミーネ,055/050,190000,2/4,,178000,在庫あり (1枚),https://www.cardrush-pokemon.jp/data/cardrushpokemon/_/70726f647563742f72757a616d6973722e6a7067003136300000660023666666666666.jpg,12000
080/072,HR,ミュウツーGX,080/072,72000,2/4,,74800,在庫なし,https://www.cardrush-pokemon.jp/data/cardrushpokemon/_/70726f647563742f6d79757574752d68722e6a70670031363000534f4c44204f555400660023666666666666.jpg,-2800
077/072,SR,ポケモンブリーダー,077/072,46000,2/4,,39800,在庫あり (11枚),https://www.cardrush-pokemon.jp/data/cardrushpokemon/_/70726f647563742f706f6b656275726973722e6a7067003136300000660023666666666666.jpg,6200
041/072,-,ひかるミュウ,041/072,62000,2/4,,49800,在庫なし,https://www.cardrush-pokemon.jp/data/cardrushpokemon/_/70726f647563742f68696b6172756d7975753034312e6a70670031363000534f4c44204f555400660023666666666666.jpg,12200
082/072,＊,ミュウツーGX(SR仕様),082/072,380000,2/4,,218000,在庫なし,https://www.cardrush-pokemon.jp/data/cardrushpokemon/_/70726f647563742f6d79757574752d3038322e6a70670031363000534f4c44204f555400660023666666666666.jpg,162000
058/051,HR,リザードンGX,058/051,530000,2/4,,278000,在庫なし,https://www.cardrush-pokemon.jp/data/cardrushpokemon/_/70726f647563742f72697a6168722e6a70670031363000534f4c44204f555400660023666666666666.jpg,252000
059/051,HR,ホウオウGX,059/051,40000,2/4,,32800,在庫なし,https://www.cardrush-pokemon.jp/data/cardrushpokemon/_/70726f647563742f686f756f756872312e6a70670031363000534f4c44204f555400660023666666666666.jpg,7200
052/051,SR,リザードンGX,052/051,190000,2/4,,94800,在庫なし,https://www.cardrush-pokemon.jp/data/cardrushpokemon/_/70726f647563742f72697a6173722e6a70670031363000534f4c44204f555400660023666666666666.jpg,95200
057/051,SR,プルメリ,057/051,16000,2/4,,13800,在庫あり (10枚),https://www.cardrush-pokemon.jp/data/cardrushpokemon/_/70726f647563742f707572756d6572692e6a7067003136300000660023666666666666.jpg,2200
061/051,HR,サーナイトGX,061/051,30000,2/4,,17800,在庫なし,https://www.cardrush-pokemon.jp/data/cardrushpokemon/_/70726f647563742f73616e6168722e6a70670031363000534f4c44204f555400660023666666666666.jpg,12200
056/051,SR,グズマ,056/051,9500,2/4,,12800,在庫あり (6枚),https://www.cardrush-pokemon.jp/data/cardrushpokemon/_/70726f647563742f32303139303732335f6638666530382e6a7067003136300000660023666666666666.jpg,-3300
057/051,SR,ビッケ,057/051,34000,2/4,,32800,在庫あり (1枚),https://www.cardrush-pokemon.jp/data/cardrushpokemon/_/70726f647563742f62696b6b657372352e6a7067003136300000660023666666666666.jpg,1200
063/049,HR,ダークライGX,063/049,40000,2/4,,25800,在庫なし,https://www.cardrush-pokemon.jp/data/cardrushpokemon/_/70726f647563742f64612d6b7572616968722e6a70670031363000534f4c44204f555400660023666666666666.jpg,14200
056/049,SR,アセロラ,056/049,850000,2/4,,598000,在庫あり (1枚),https://www.cardrush-pokemon.jp/data/cardrushpokemon/_/70726f647563742f32303234303131345f3333663761642e6a7067003136300000660023666666666666.jpg,252000
057/049,SR,マーマネ,057/049,13000,2/4,,12800,在庫あり (10枚),https://www.cardrush-pokemon.jp/data/cardrushpokemon/_/70726f647563742f6d616d616e6573722e6a7067003136300000660023666666666666.jpg,200
055/050,SR,マオ,055/050,95000,2/4,,57800,在庫あり (3枚),https://www.cardrush-pokemon.jp/data/cardrushpokemon/_/70726f647563742f6d616f73722e6a7067003136300000660023666666666666.jpg,37200
064/051,HR,ニンフィアGX,064/051,320000,2/4,,228000,在庫あり (1枚),https://www.cardrush-pokemon.jp/data/cardrushpokemon/_/70726f647563742f6e6966696168722e6a7067003136300000660023666666666666.jpg,92000
057/051,SR,ニンフィアGX,057/051,75000,2/4,,54800,在庫なし,https://www.cardrush-pokemon.jp/data/cardrushpokemon/_/70726f647563742f6e696e6e666973722e6a70670031363000534f4c44204f555400660023666666666666.jpg,20200
068/060,HR,エーフィGX,068/060,36000,2/4,,39800,在庫なし,https://www.cardrush-pokemon.jp/data/cardrushpokemon/_/70726f647563742f652d666968722e6a70670031363000534f4c44204f555400660023666666666666.jpg,-3800
062/060,SR,エーフィGX,062/060,23000,2/4,,17800,在庫あり (1枚),https://www.cardrush-pokemon.jp/data/cardrushpokemon/_/70726f647563742f32303138303930395f6166626663612e4a5047003136300000660023666666666666.jpg,5200
069/060,HR,ブラッキーGX,069/060,120000,2/4,,72800,在庫なし,https://www.cardrush-pokemon.jp/data/cardrushpokemon/_/70726f647563742f627572616b696872302e6a70670031363000534f4c44204f555400660023666666666666.jpg,47200
063/060,SR,ブラッキーGX,063/060,70000,2/4,,59800,在庫なし,https://www.cardrush-pokemon.jp/data/cardrushpokemon/_/70726f647563742f627572616b6b6973722e6a70670031363000534f4c44204f555400660023666666666666.jpg,10200
066/060,SR,リーリエ,066/060,920000,2/4,,698000,在庫あり (1枚),https://www.cardrush-pokemon.jp/data/cardrushpokemon/_/70726f647563742f32303234303731385f3261336664392e6a7067003136300000660023666666666666.jpg,222000
005/SM-P,PROMO,サッポロのピカチュウ,005/SM-P,150000,2/4,,148000,在庫なし,https://www.cardrush-pokemon.jp/data/cardrushpokemon/_/70726f647563742f736170706f726f70693030352e6a70670031363000534f4c44204f555400660023666666666666.jpg,2000
055/SM-P,PROMO,イースターのピカチュウ,055/SM-P,260000,2/4,,218000,在庫なし,https://www.cardrush-pokemon.jp/data/cardrushpokemon/_/70726f647563742f697375746170696b613035352e6a70670031363000534f4c44204f555400660023666666666666.jpg,42000
068/SM-P,PROMO,ピカチュウ,068/SM-P,300000,2/4,,298000,在庫あり (1枚),https://www.cardrush-pokemon.jp/data/cardrushpokemon/_/70726f647563742f70696b61303638736d2e6a7067003136300000660023666666666666.jpg,2000
088/SM-P,PROMO,トウホクのピカチュウ,088/SM-P,140000,2/4,,94800,在庫なし,https://www.cardrush-pokemon.jp/data/cardrushpokemon/_/70726f647563742f746f75686f6b7570693038382e6a70670031363000534f4c44204f555400660023666666666666.jpg,45200
137/SM-P,PROMO,ポンチョを着たイーブイ(シャワーズ),137/SM-P,420000,2/4,,168000,在庫なし,https://www.cardrush-pokemon.jp/data/cardrushpokemon/_/70726f647563742f692d6275693137322e6a70670031363000534f4c44204f555400660023666666666666.jpg,252000
138/SM-P,PROMO,ポンチョを着たイーブイ(サンダース),138/SM-P,350000,2/4,,118000,在庫なし,https://www.cardrush-pokemon.jp/data/cardrushpokemon/_/70726f647563742f692d6275693133382e6a70670031363000534f4c44204f555400660023666666666666.jpg,232000
139/SM-P,PROMO,ポンチョを着たイーブイ(ブースター),139/SM-P,350000,2/4,,118000,在庫なし,https://www.cardrush-pokemon.jp/data/cardrushpokemon/_/70726f647563742f692d6275693133392e6a70670031363000534f4c44204f555400660023666666666666.jpg,232000
140/SM-P,PROMO,ポンチョを着たイーブイ(エーフィ),140/SM-P,230000,2/4,,108000,在庫なし,https://www.cardrush-pokemon.jp/data/cardrushpokemon/_/70726f647563742f692d6275693134302e6a70670031363000534f4c44204f555400660023666666666666.jpg,122000
141/SM-P,PROMO,ポンチョを着たイーブイ(ブラッキー),141/SM-P,380000,2/4,,168000,在庫なし,https://www.cardrush-pokemon.jp/data/cardrushpokemon/_/70726f647563742f692d6275693134312e6a70670031363000534f4c44204f555400660023666666666666.jpg,212000
142/SM-P,PROMO,ポンチョを着たイーブイ(リーフィア),142/SM-P,220000,2/4,,108000,在庫なし,https://www.cardrush-pokemon.jp/data/cardrushpokemon/_/70726f647563742f692d6275693134322e6a70670031363000534f4c44204f555400660023666666666666.jpg,112000
143/SM-P,PROMO,ポンチョを着たイーブイ(グレイシア),143/SM-P,230000,2/4,,108000,在庫なし,https://www.cardrush-pokemon.jp/data/cardrushpokemon/_/70726f647563742f692d6275693134332e6a70670031363000534f4c44204f555400660023666666666666.jpg,122000
144/SM-P,PROMO,ポンチョを着たイーブイ(ニンフィア),144/SM-P,340000,2/4,,138000,在庫なし,https://www.cardrush-pokemon.jp/data/cardrushpokemon/_/70726f647563742f692d6275693134342e6a70670031363000534f4c44204f555400660023666666666666.jpg,202000
224/SM-P,PROMO,ピカチュウ,224/SM-P,88000,2/4,,34800,在庫なし,https://www.cardrush-pokemon.jp/data/cardrushpokemon/_/70726f647563742f70696b61323234736d2e6a70670031363000534f4c44204f555400660023666666666666.jpg,53200
270/SM-P,PROMO,レッドのピカチュウ,270/SM-P,68000,2/4,,64800,在庫あり (3枚),https://www.cardrush-pokemon.jp/data/cardrushpokemon/_/70726f647563742f7475696b6170393236362e6a7067003136300000660023666666666666.jpg,3200
280/SM-P,PROMO,ヨコハマのピカチュウ,280/SM-P,180000,2/4,,108000,在庫なし,https://www.cardrush-pokemon.jp/data/cardrushpokemon/_/70726f647563742f32303138313233305f6132636330622e6a70670031363000534f4c44204f555400660023666666666666.jpg,72000
281/SM-P,PROMO,ヨコハマのピカチュウ,281/SM-P,130000,2/4,,108000,在庫なし,https://www.cardrush-pokemon.jp/data/cardrushpokemon/_/70726f647563742f32303138313233305f3064353166612e6a70670031363000534f4c44204f555400660023666666666666.jpg,22000
282/SM-P,PROMO,ヨコハマのピカチュウ,282/SM-P,120000,2/4,,92800,在庫なし,https://www.cardrush-pokemon.jp/data/cardrushpokemon/_/70726f647563742f32303138313233305f3437613739322e6a70670031363000534f4c44204f555400660023666666666666.jpg,27200
283/SM-P,PROMO,ヨコハマのピカチュウ,283/SM-P,95000,2/4,,59800,在庫なし,https://www.cardrush-pokemon.jp/data/cardrushpokemon/_/70726f647563742f32303138313233305f6439366330382e6a70670031363000534f4c44204f555400660023666666666666.jpg,35200
287/SM-P,PROMO,イーブイ(ムンク),287/SM-P,390000,2/4,,158000,在庫なし,https://www.cardrush-pokemon.jp/data/cardrushpokemon/_/70726f647563742f32303138313132365f6439633866372e6a70670031363000534f4c44204f555400660023666666666666.jpg,232000
286/SM-P,PROMO,コダック(ムンク),286/SM-P,500000,2/4,,178000,在庫なし,https://www.cardrush-pokemon.jp/data/cardrushpokemon/_/70726f647563742f32303138313132365f6561353866362e6a70670031363000534f4c44204f555400660023666666666666.jpg,322000
288/SM-P,PROMO,ピカチュウ(ムンク),288/SM-P,1100000,2/4,,878000,在庫なし,https://www.cardrush-pokemon.jp/data/cardrushpokemon/_/70726f647563742f32303138313231315f3664373231322e6a70670031363000534f4c44204f555400660023666666666666.jpg,222000
289/SM-P,PROMO,ミミッキュ(ムンク),289/SM-P,1300000,2/4,,848000,在庫なし,https://www.cardrush-pokemon.jp/data/cardrushpokemon/_/70726f647563742f32303138313233305f6438373262662e6a70670031363000534f4c44204f555400660023666666666666.jpg,452000
290/SM-P,PROMO,モクロー(ムンク),290/SM-P,160000,2/4,,64800,在庫なし,https://www.cardrush-pokemon.jp/data/cardrushpokemon/_/70726f647563742f32303138313132355f3363656365392e6a70670031363000534f4c44204f555400660023666666666666.jpg,95200
297/SM-P,PROMO,イーブイ＆カビゴンGX,297/SM-P,50000,2/4,,35800,在庫あり (5枚),https://www.cardrush-pokemon.jp/data/cardrushpokemon/_/70726f647563742f32303138313230375f3830613963352e6a7067003136300000660023666666666666.jpg,14200
325/SM-P,PROMO,お茶会ごっこピカチュウ,325/SM-P,95000,2/4,,52800,在庫なし,https://www.cardrush-pokemon.jp/data/cardrushpokemon/_/70726f647563742f32303139303331365f3964613431642e6a70670031363000534f4c44204f555400660023666666666666.jpg,42200
381/SM-P,PROMO,ピッピ,381/SM-P,62000,2/4,,62800,在庫あり (4枚),https://www.cardrush-pokemon.jp/data/cardrushpokemon/_/70726f647563742f32303139303733315f6566303034382e6a7067003136300000660023666666666666.jpg,-800
407/SM-P,PROMO,漫才ごっこピカチュウ,407/SM-P,80000,2/4,,44800,在庫なし,https://www.cardrush-pokemon.jp/data/cardrushpokemon/_/70726f647563742f32303139303932305f3364363538662e6a70670031363000534f4c44204f555400660023666666666666.jpg,35200
392/SM-P,PROMO,海で遊ぶピカチュウ,392/SM-P,42000,2/4,,32800,在庫なし,https://www.cardrush-pokemon.jp/data/cardrushpokemon/_/70726f647563742f32303139303830335f6231333865392e6a70670031363000534f4c44204f555400660023666666666666.jpg,9200
