No,レア,カード名,card_number,買取金額,更新日,弾
113/076,MUR,メガレックウザex,113/076,120000,10/1,
110/076,SAR,メガレックウザex,110/076,38000,10/5,
118/081,MUR,メガダークライex,118/081,36000,10/5,
112/081,SAR,メガゼラオラex,112/081,6500,10/5,
114/081,SAR,メガダークライex,114/081,20000,10/5,
115/081,SAR,モルペコex,115/081,6000,10/5,
117/081,SAR,ムク,117/081,7000,10/5,
111/081,SR,ムク,111/081,7000,10/5,
120/083,MUR,メガゲッコウガex,120/083,55000,10/5,
114/083,SAR,メガゲッコウガex,114/083,20000,10/5,
117/080,MUR,メガジガルデex,117/080,20000,10/5,
114/080,SAR,ニャースex,114/080,6500,10/5,
115/080,SAR,メイのはげまし,115/080,17000,10/5,
766/742,MUR,メガリザードンYex,766/742,520000,10/5,
761/742,SAR,メガメガニウムex,761/742,8500,10/5,
762/742,SAR,メガエンブオーex,762/742,6000,10/5,
763/742,SAR,メガオーダイルex,763/742,12000,10/5,
764/742,SAR,ピカチュウex,764/742,130000,10/5,
765/742,SAR,リーリエのピッピex,765/742,45000,10/5,
760/742,SR,ボスの指令(カラスバ),760/742,7000,10/5,
743/742,AR,エリカのモンジャラ,743/742,7000,10/5,
755/742,AR,イーブイ,755/742,22000,10/5,
250/193,MUR,メガカイリューex,250/193,36000,10/5,
234/193,SAR,ピカチュウex,234/193,26000,10/5,
236/193,SAR,ナンジャモのハラバリーex,236/193,3500,10/5,
237/193,SAR,ロケット団のミュウツーex,237/193,12000,10/5,
240/193,SAR,メガゲンガーex,240/193,36000,10/5,
242/193,SAR,Nのゾロアークex,242/193,6000,10/5,
246/193,SAR,メガカイリューex,246/193,22000,10/5,
223/193,MA,メガリザードンXex,223/193,6500,10/5,
230/193,MA,メガゲンガーex,230/193,4000,10/5,
232/193,MA,メガカイリューex,232/193,3000,10/5,
116/080,MUR,メガリザードンXex,116/080,170000,10/5,
110/080,SAR,メガリザードンXex,110/080,75000,10/5,
092/063,MUR,メガルカリオex,092/063,65000,10/5,
087/063,SAR,メガフシギバナex,087/063,6500,10/5,
088/063,SAR,メガルカリオex,088/063,9000,10/5,
091/063,SAR,リーリエの決心,091/063,30000,10/5,
086/063,SR,リーリエの決心,086/063,8500,10/5,
092/063,MUR,メガサーナイトex,092/063,75000,10/5,
087/063,SAR,メガサーナイトex,087/063,13000,10/5,
088/063,SAR,メガラティアスex,088/063,6500,10/5,
090/063,SAR,アセロラのいたずら,090/063,9000,10/5,
020/M-P,P,ピカチュウ【マクドナルド】,020/M-P,7500,10/5,
043/M-P,P,ミュウツーex CL2026 プロモ,043/M-P,8000,10/5,
174/086,BWR,ゼクロムex,174/086,65000,10/5,
169/086,SAR,ゼクロムex,169/086,18000,10/5,
173/086,SAR,Nの筋書き,173/086,8000,10/5,
109/086,AR,ガマゲロゲ,109/086,9000,10/5,
174/086,BWR,レシラムex,174/086,65000,10/5,
168/086,SAR,レシラムex,168/086,19000,10/5,
169/086,SAR,ケルディオex,169/086,6000,10/5,
173/086,SAR,トウコ,173/086,10000,10/5,
130/098,UR,ロケット団のミュウツーex,130/098,7000,10/5,
124/098,SAR,ロケット団のファイヤーex,124/098,17000,10/5,
125/098,SAR,ロケット団のミュウツーex,125/098,50000,10/5,
126/098,SAR,ロケット団のニドキングex,126/098,11000,10/5,
127/098,SAR,ロケット団のクロバットex,127/098,8000,10/5,
129/098,SAR,ロケット団のサカキ,129/098,11000,10/5,
086/063,SAR,ヒビキのホウオウex,086/063,20000,10/5,
087/063,SAR,シロナのガブリアスex,087/063,32000,10/5,
089/063,SAR,ヒビキの冒険,089/063,12000,10/5,
071/063,AR,カスミのコダック,071/063,8000,10/5,
125/100,SAR,ナンジャモのハラバリーex,125/100,8000,10/5,
126/100,SAR,リーリエのピッピex,126/100,18000,10/5,
236/187,UR,ピカチュウex,236/187,13000,10/5,
200/187,SAR,リーフィアex,200/187,11000,10/5,
202/187,SAR,ブースターex,202/187,8000,10/5,
205/187,SAR,シャワーズex,205/187,8000,10/5,
206/187,SAR,グレイシアex,206/187,10000,10/5,
209/187,SAR,サンダースex,209/187,8000,10/5,
211/187,SAR,エーフィex,211/187,11000,10/5,
212/187,SAR,ニンフィアex,212/187,16000,10/5,
217/187,SAR,ブラッキーex,217/187,46000,10/5,
224/187,SAR,イーブイex,224/187,8000,10/5,
092/187,マスボ,ブラッキー（マスターボール）,092/187,13000,10/5,
136/106,UR,ピカチュウex,136/106,20000,10/5,
131/106,SAR,ミロカロスex,131/106,11000,10/5,
132/106,SAR,ピカチュウex SV8,132/106,52000,10/5,
135/106,SAR,ミカンのまなざし,135/106,8000,10/5,
087/064,SAR,ラティアスｅｘ,087/064,19000,10/5,
091/064,SAR,ルチアのアピール,091/064,22000,10/5,
086/064,SR,ルチアのアピール,086/064,8000,10/5,
131/102,SAR,タロ SV7,131/102,12000,10/5,
129/101,SAR,スグリ SV6,129/101,12000,10/5,
130/101,SAR,ゼイユ,130/101,40000,10/5,
090/066,SAR,ゲッコウガex,090/066,32000,10/5,
092/066,SAR,サザレ,092/066,12000,10/5,
078/066,AR,イーブイ,078/066,6500,10/5,
097/071,SAR,ベルのまごころ,097/071,11000,10/5,
094/071,SAR,ウネルミナモex,094/071,7000,10/5,
095/071,SAR,タケルライコex SV5K,095/071,7500,10/5,
097/071,SAR,マツバの確信,097/071,11000,10/5,
088/071,SR,ゲンガーex,088/071,10000,10/5,
080/071,AR,ゴース,080/071,8500,10/5,
347/190,SAR,ミュウex SV4a,347/190,70000,10/5,
348/190,SAR,サーナイトex SV4a,348/190,18000,10/5,
349/190,SAR,リザードンex（悪テラスタル） SV4a,349/190,34000,10/5,
350/190,SAR,ナンジャモ SV4a,350/190,12000,10/5,
354/190,SAR,ボタン SV4a,354/190,6000,10/5,
341/190,AR,ミミッキュ,341/190,6000,10/5,
236/190,S,ピカチュウ,236/190,10000,10/5,
090/066,SAR,チルタリスex,090/066,8000,10/5,
085/062,SAR,ガブリアスex,085/062,8000,10/5,
087/062,SAR,サーフゴーex,087/062,12000,10/5,
089/062,SAR,パラソルおねえさん,089/062,15000,10/5,
139/108,UR,リザードンex（悪テラスタル）,139/108,13000,10/5,
134/108,SAR,リザードンex（悪テラスタル）SV3a,134/108,40000,10/5,
208/165,UR,ミュウex,208/165,10000,10/5,
200/165,SAR,フシギバナex,200/165,14000,10/5,
201/165,SAR,リザードンex SV2a,201/165,52000,10/5,
202/165,SAR,カメックスex,202/165,17000,10/5,
203/165,SAR,フーディンex,203/165,12000,10/5,
204/165,SAR,サンダーex,204/165,14000,10/5,
205/165,SAR,ミュウexSV2a,205/165,38000,10/5,
206/165,SAR,エリカの招待,206/165,13000,10/5,
196/165,SR,エリカの招待,196/165,6000,10/5,
173/165,AR,ピカチュウ,173/165,6500,10/5,
025/165,マスボ,ピカチュウ,025/165,48000,10/5,
094/165,マスボ,ゲンガー,094/165,100000,10/5,
092/071,SAR,イーユイex,092/071,8000,10/5,
093/071,SAR,デカヌチャンex,093/071,7000,10/5,
096/071,SAR,ナンジャモ SV2D,096/071,42000,10/5,
091/071,SR,ナンジャモ,091/071,9000,10/5,
095/071,SAR,グルーシャ,095/071,8000,10/5,
096/073,SAR,マスカーニャex,096/073,7000,10/5,
099/073,SAR,キハダ,099/073,8500,10/5,
080/073,AR,コイキング,080/073,20000,10/5,
105/078,SAR,ミモザ,105/078,20000,10/5,
100/078,SR,ミモザ,100/078,9000,10/5,
101/078,SAR,サーナイトex SV1S,101/078,26000,10/5,
103/078,SAR,コライドンex,103/078,7500,10/5,
048/SV-P,P,ミライドン,048/SV-P,13000,10/5,
049/SV-P,P,コライドン,049/SV-P,10000,10/5,
062/SV-P,P,イーブイ,062/SV-P,17000,10/5,
063/SV-P,P,シャワーズ,063/SV-P,20000,10/5,
064/SV-P,P,サンダース,064/SV-P,16000,10/5,
065/SV-P,P,ブースター,065/SV-P,16000,10/5,
066/SV-P,P,エーフィ,066/SV-P,16000,10/5,
067/SV-P,P,ブラッキー,067/SV-P,33000,10/5,
068/SV-P,P,リーフィア,068/SV-P,16000,10/5,
069/SV-P,P,グレイシア,069/SV-P,16000,10/5,
070/SV-P,P,ニンフィア,070/SV-P,16000,10/5,
098/SV-P,P,名探偵ピカチュウ,098/SV-P,32000,10/5,
192/SV-P,P,ニャース,192/SV-P,9000,10/5,
218/SV-P,P,ピカチュウ,218/SV-P,10000,10/5,
260/SV-P,P,トウホクのピカチュウ,260/SV-P,20000,10/5,
261/SV-P,P,ヒロシマのピカチュウ,261/SV-P,18000,10/5,
288/SV-P,P,ビクティニ(争奪戦プロモ),288/SV-P,150000,10/5,
289/SV-P,P,フクオカのピカチュウ,289/SV-P,15000,10/5,
003/032,P,リザードン(クラシック版),003/032,34000,10/5,
003/032,P,フシギバナ(クラシック版),003/032,7000,10/5,
003/032,P,カメックス(クラシック版),003/032,7500,10/5,
008/032,P,ピカチュウ(クラシック版),008/032,11000,10/5,
050/049,P,フシギダネ,050/049,11000,10/5,
051/049,P,ヒトカゲ,051/049,20000,10/5,
052/049,P,ゼニガメ,052/049,16000,10/5,
001/030,P,ピカチュウex,001/030,46000,10/5,
259/172,UR,オリジンパルキアVSTAR,259/172,12000,10/5,
260/172,UR,オリジンディアルガVSTAR,260/172,13000,10/5,
261/172,UR,ギラティナVSTAR,261/172,25000,10/5,
262/172,UR,アルセウスVSTAR,262/172,16000,10/5,
183/172,AR,ミュウ,183/172,9000,10/5,
205/172,AR,ピカチュウ,205/172,42000,10/5,
210/172,SAR,リーフィアVSTAR,210/172,7000,10/5,
211/172,SAR,リザードンV,211/172,10000,10/5,
212/172,SAR,リザードンVSTAR,212/172,18000,10/5,
213/172,SAR,エンテイV,213/172,6000,10/5,
214/172,SAR,バオッキーVSTAR,214/172,9000,10/5,
215/172,SAR,スイクンV,215/172,7500,10/5,
217/172,SAR,グレイシアVSTAR,217/172,7000,10/5,
218/172,SAR,ライコウV,218/172,6000,10/5,
221/172,SAR,ミュウツーVSTAR,221/172,13000,10/5,
226/172,SAR,ルカリオVSTAR,226/172,7500,10/5,
228/172,SAR,ダークライVSTAR,228/172,7000,10/5,
234/172,SAR,ヒスイゾロアークVSTAR,234/172,7500,10/5,
236/172,SAR,カイ,236/172,6000,10/5,
239/172,SAR,シロナの覇気,239/172,11000,10/5,
123/098,UR,ルギアVSTAR,123/098,5000,10/5,
118/098,HR,ルギアVSTAR,118/098,6000,10/5,
103/098,SR,アンノーンV(SA),103/098,6000,10/5,
110/098,SR,ルギアV(SA),110/098,100000,10/5,
089/068,HR,セレナ,089/068,7000,10/5,
081/068,SR,セレナ,081/068,9500,10/5,
084/068,CSR,ジャローダV(SA),084/068,6000,10/5,
125/100,UR,ギラティナVSTAR,125/100,5000,10/5,
106/100,SR,プテラV(SA),106/100,14000,10/5,
111/100,SR,ギラティナV(SA),111/100,160000,10/5,
091/071,UR,ミュウツーVSTAR,091/071,5000,10/5,
084/071,HR,ミュウツーVSTAR,084/071,6000,10/5,
074/071,SR,ミュウツーV(SA),074/071,14000,10/5,
073/071,CHR,ピカチュウ,073/071,10000,10/5,
074/071,CHR,ゲンガー,074/071,8000,10/5,
073/067,SR,カイリキーV(SA),073/067,11000,10/5,
075/067,SR,オリジンディアルガV(SA),075/067,11000,10/5,
069/067,SR,スピアーV（SA）,069/067,8000,10/5,
071/067,SR,オリジンパルキアV(SA),071/067,11000,10/5,
077/067,SR,カイ,077/067,8500,10/5,
083/067,CSR,スターミーV(SA),083/067,24000,10/5,
084/067,CSR,ガブリアスV(SA),084/067,11000,10/5,
118/100,HR,リザードンVSTAR,118/100,13000,10/5,
102/100,SR,リザードンV,102/100,6000,10/5,
103/100,SR,リザードンV(SA),103/100,35000,10/5,
112/100,SR,アルセウスＶ(SA),112/100,11000,10/5,
114/100,SR,シロナの覇気,114/100,7000,10/5,
415/414,SR,ピカチュウV,415/414,18000,10/5,
419/414,SR,マリィのプライド,419/414,16000,10/5,
279/184,UR,ピカチュウVMAX,279/184,19000,10/5,
280/184,UR,ミュウVMAX,280/184,14000,10/5,
284/184,UR,レックウザVMAX,284/184,15000,10/5,
222/184,CSR,ピカチュウ,222/184,20000,10/5,
223/184,CSR,ピカチュウVMAX,223/184,25000,10/5,
231/184,CSR,ニンフィアV,231/184,8500,10/5,
232/184,CSR,ニンフィアVMAX,232/184,10000,10/5,
233/184,CSR,ミミッキュV,233/184,14000,10/5,
234/184,CSR,ミミッキュVMAX,234/184,14000,10/5,
244/184,CSR,ブラッキーV,244/184,13000,10/5,
245/184,CSR,ブラッキーVMAX,245/184,14000,10/5,
252/184,CSR,レックウザVMAX,252/184,15000,10/5,
255/184,SR,アセロラの予感,255/184,8000,10/5,
276/184,SR,ユウリ,276/184,8500,10/5,
277/184,SR,ルリナ,277/184,7000,10/5,
187/184,CHR,リザードン,187/184,6000,10/5,
189/184,CHR,シャワーズ,189/184,5000,10/5,
193/184,CHR,サンダース,193/184,5000,10/5,
195/184,CHR,ゼクロム,195/184,5000,10/5,
001/025,P,リザードン,001/025,50000,10/5,
002/025,P,フシギバナ,002/025,10000,10/5,
003/025,P,カメックス,003/025,13000,10/5,
005/025,P,わるいギャラドス,005/025,9000,10/5,
007/025,P,_のピカチュウ,007/025,50000,10/5,
010/025,P,ひかるコイキング,010/025,15000,10/5,
012/025,P,ブラッキー スター,012/025,30000,10/5,
014/025,P,ミュウex,014/025,11000,10/5,
020/025,P,レシラム,020/025,11000,10/5,
021/025,P,ゼクロム,021/025,11000,10/5,
022/025,P,ミュウツーEX,022/025,6000,10/5,
024/025,P,MレックウザEX,024/025,13000,10/5,
030/028,UR,ミュウ,030/028,34000,10/5,
001/028,–,ピカチュウ(25thミラー),001/028,6000,10/5,
002/028,–,ミュウ(25thミラー),002/028,4000,10/5,
021/028,RR,なみのりピカチュウV(25th),021/028,6000,10/5,
022/028,RRR,なみのりピカチュウVMAX(25th),022/028,6000,10/5,
023/028,RR,そらをとぶピカチュウV(25th),023/028,4000,10/5,
024/028,RRR,そらをとぶピカチュウVMAX(25th),024/028,6000,10/5,
118/100,HR,ミュウVMAX,118/100,15000,10/5,
119/100,HR,ミュウVMAX(SA),119/100,110000,10/5,
105/100,SR,ミュウV,105/100,6000,10/5,
106/100,SR,ミュウV(SA),106/100,20000,10/5,
109/100,SR,ゲノセクトV(SA),109/100,5000,10/5,
113/100,SR,カミツレのきらめき,113/100,6000,10/5,
083/067,HR,ジュラルドンVMAX(SA),083/067,12000,10/5,
074/067,SR,オンバーンV(SA),074/067,6000,10/5,
081/067,HR,ギャラドスVMAX,081/067,7000,10/5,
082/067,HR,レックウザVMAX,082/067,26000,10/5,
083/067,HR,レックウザVMAX(SA),083/067,450000,10/5,
073/067,SR,カイリューV,073/067,6000,10/5,
074/067,SR,カイリューV(SA),074/067,80000,10/5,
075/067,SR,レックウザV,075/067,13000,10/5,
076/067,SR,レックウザV(SA),076/067,100000,10/5,
077/067,SR,サナ,077/067,8000,10/5,
079/067,SR,ヒガナの決意,079/067,10000,10/5,
089/069,HR,リーフィアVMAX（SA),089/069,52000,10/5,
091/069,HR,グレイシアVMAX（SA),091/069,65000,10/5,
093/069,HR,ニンフィアVMAX（SA),093/069,120000,10/5,
095/069,HR,ブラッキーVMAX（SA),095/069,350000,10/5,
071/069,SR,リーフィアV（SA),071/069,18000,10/5,
073/069,SR,ブースターＶ（SA),073/069,18000,10/5,
075/069,SR,シャワーズV（SA),075/069,21000,10/5,
077/069,SR,グレイシアV（SA),077/069,20000,10/5,
079/069,SR,サンダースV（SA),079/069,18000,10/5,
081/069,SR,エーフィV(SA),081/069,26000,10/5,
082/069,SR,ニンフィアV,082/069,10000,10/5,
083/069,SR,ニンフィアV(SA),083/069,25000,10/5,
084/069,SR,ブラッキーV,084/069,11000,10/5,
085/069,SR,ブラッキーV（SA),085/069,48000,10/5,
086/070,HR,こくばバドレックスVMAX（SA),086/070,50000,10/5,
074/070,SR,ゼラオラV(SA),074/070,15000,10/5,
079/070,SR,ハピナスV(SA),079/070,8000,10/5,
085/070,HR,はくばバドレックスVMAX(SA),085/070,40000,10/5,
093/070,UR,カビゴン,093/070,26000,10/5,
086/070,HR,バシャーモVMAX(SA),086/070,75000,10/5,
074/070,SR,ガラルフリーザーV(SA),074/070,8500,10/5,
076/070,SR,ガラルサンダーV(SA),076/070,8500,10/5,
078/070,SR,ガラルファイヤーV(SA),078/070,42000,10/5,
080/070,SR,ガラルヤドキングV(SA),080/070,16000,10/5,
082/070,SR,クララ,082/070,11000,10/5,
084/070,HR,れんげきウーラオスVMAX(SA),084/070,70000,10/5,
074/070,SR,エンペルトV(SA),074/070,13000,10/5,
079/070,SR,コルニの気合い,079/070,12000,10/5,
081/070,SR,モミ,081/070,6500,10/5,
085/070,HR,いちげきウーラオスVMAX(SA),085/070,42000,10/5,
073/070,SR,ミミッキュV,073/070,12000,10/5,
075/070,SR,いちげきウーラオスV(SA),075/070,8000,10/5,
077/070,SR,バンギラスV(SA),077/070,65000,10/5,
327/190,UR,ムゲンダイナV,327/190,8000,10/5,
307/190,SSR,リザードンV,307/190,18000,10/5,
308/190,SSR,リザードンVMAX,308/190,22000,10/5,
323/190,SSR,メタモンV,323/190,6000,10/5,
197/190,SR,ポケモンごっこ,197/190,8000,10/5,
198/190,SR,マリィ,198/190,15000,10/5,
114/100,HR,ピカチュウVMAX,114/100,55000,10/5,
104/100,SR,ピカチュウV,104/100,30000,10/5,
109/100,SR,サイトウ,109/100,7000,10/5,
050/076,A,ジラーチ,050/076,8000,10/5,
056/076,A,レックウザ,056/076,13000,10/5,
106/096,SR,ボスの指令(サカキ),106/096,16000,10/5,
077/070,SR,ソニア,077/070,20000,10/5,
073/060,UR,ザシアンV,073/060,8000,10/5,
070/060,HR,カビゴンVMAX,070/060,8500,10/5,
072/060,HR,マリィ,072/060,12000,10/5,
066/060,SR,カビゴンV,066/060,10000,10/5,
068/060,SR,マリィ,068/060,45000,10/5,
001/S-P,P,ピカチュウ,001/S-P,92000,10/5,
002/S-P,P,シブヤのピカチュウ,002/S-P,92000,10/5,
029/S-P,P,ニャースVMAX,029/S-P,15000,10/5,
036/S-P,P,救助隊のピカチュウ,036/S-P,68000,10/5,
059/S-P,P,イエッサンV,059/S-P,9000,10/5,
069/S-P,P,ポケモンセンターのお姉さん,069/S-P,22000,10/5,
099/S-P,P,名探偵ピカチュウ,099/S-P,55000,10/5,
103/S-P,P,リザードンV(争奪戦プロモ),103/S-P,210000,10/5,
104/S-P,P,リザードンVMAX(争奪戦プロモ),104/S-P,850000,10/5,
105/S-P,P,まるのみされたピカチュウ,105/S-P,100000,10/5,
108/S-P,P,ザルードV,108/S-P,18000,10/5,
123/S-P,P,ピカチュウVMAX(バンザイピカチュウ),123/S-P,35000,10/5,
124/S-P,P,ピカチュウ,124/S-P,13000,10/5,
127/S-P,P,プレイヤーズセレモニー,127/S-P,40000,10/5,
132/S-P,P,ピカチュウ,132/S-P,65000,10/5,
140/S-P,P,マリィ,140/S-P,13000,10/5,
144/S-P,P,カナザワのピカチュウ,144/S-P,35000,10/5,
145/S-P,P,ミロカロス,145/S-P,11000,10/5,
147/S-P,P,カナザワのピカチュウ(スペシャルBOX版),147/S-P,90000,10/5,
175/S-P,P,セレビィ(SA),175/S-P,17000,10/5,
186/S-P,P,ブースターVMAX（SA）,186/S-P,400000,10/5,
187/S-P,P,シャワーズVMAX（SA）,187/S-P,500000,10/5,
188/S-P,P,サンダースVMAX（SA）,188/S-P,450000,10/5,
189/S-P,P,エーフィVMAX,189/S-P,38000,10/5,
208/S-P,P,ピカチュウ,208/S-P,27000,10/5,
226/S-P,P,ウッウ(月に雁),226/S-P,55000,10/5,
227/S-P,P,ピカチュウ(見返り美人),227/S-P,240000,10/5,
243/S-P,P,ビクティニV,243/S-P,22000,10/5,
254/S-P,P,おいわいファンファーレ(2021),254/S-P,40000,10/5,
304/S-P,P,ルカリオV(争奪戦プロモ),304/S-P,42000,10/5,
305/S-P,P,ルカリオVstar(争奪戦プロモ),305/S-P,130000,10/5,
306/S-P,P,おいわいファンファーレ(2022),306/S-P,15000,10/5,
322/S-P,P,ルギアV,322/S-P,14000,10/5,
323/S-P,P,ピカチュウ,323/S-P,50000,10/5,
001/015,P,ピカチュウV,001/015,90000,10/5,
020/019,SCG,ゲンガーVMAX(SA),020/019,180000,10/5,
220/173,UR,レシラム＆リザードンGX,220/173,42000,10/4,
221/173,UR,ピカチュウ＆ゼクロムGX,221/173,55000,10/4,
222/173,UR,ミュウツー＆ミュウGX,222/173,100000,10/4,
223/173,UR,ゲッコウガ＆ゾロアークGX,223/173,15000,10/4,
224/173,UR,ルカリオ＆メルメタルGX,224/173,13000,10/4,
225/173,UR,ガブリアス＆ギラティナGX,225/173,20000,10/4,
226/173,UR,ファイヤー＆サンダー＆フリーザーGX,226/173,28000,10/4,
212/173,HR,エーフィ＆デオキシスGX,212/173,20000,10/4,
214/173,HR,ジラーチGX,214/173,18000,10/4,
215/173,HR,ブラッキー＆ダークライGX,215/173,30000,10/4,
218/173,HR,トゲピー&ピィ&ププリンGX,218/173,22000,10/4,
219/173,HR,イーブイGX,219/173,40000,10/4,
175/173,SR,デデンネGX(SA),175/173,32000,10/4,
176/173,SR,エーフィ＆デオキシスGX,176/173,15000,10/4,
177/173,SR,エーフィ＆デオキシスGX(SA),177/173,60000,10/4,
179/173,SR,オーロット＆ヨノワールGX(SA),179/173,17000,10/4,
180/173,SR,ジラーチGX,180/173,9000,10/4,
181/173,SR,ブラッキー&ダークライGX,181/173,35000,10/4,
182/173,SR,ブラッキー&ダークライGX(SA),182/173,160000,10/4,
185/173,SR,トゲピー&ピィ&ププリンGX,185/173,20000,10/4,
186/173,SR,トゲピー&ピィ&ププリンGX(SA),186/173,60000,10/4,
187/173,SR,イーブイGX,187/173,16000,10/4,
188/173,SR,イーブイGX(SA),188/173,78000,10/4,
190/173,SR,エリカのおもてなし,190/173,88000,10/4,
191/173,SR,カスミ＆カンナ,191/173,40000,10/4,
192/173,SR,かんこうきゃく,192/173,120000,10/4,
193/173,SR,グリーンの戦略,193/173,40000,10/4,
196/173,SR,ブルーの探索,196/173,60000,10/4,
201/173,SR,レッドの挑戦,201/173,45000,10/4,
001/173,RR,フェローチェ＆マッシブーンGX,001/173,4500,10/4,
016/173,RR,レシラム＆リザードンGX,016/173,6000,10/4,
041/173,RR,ピカチュウ＆ゼクロムGX,041/173,8500,10/4,
052/173,RR,ミュウツー＆ミュウGX,052/173,9000,10/4,
067/173,RR,マーシャドー＆カイリキーGX,067/173,4500,10/4,
072/173,RR,ゲッコウガ＆ゾロアークGX,072/173,4500,10/4,
083/173,RR,ルカリオ＆メルメタルGX,083/173,4500,10/4,
094/173,RR,トゲピー＆ピィ＆ププリンGX,094/173,6000,10/4,
099/173,RR,ガブリアス＆ギラティナGX,099/173,5000,10/4,
100/173,RR,レックウザGX,100/173,4000,10/4,
102/173,RR,ファイヤー＆サンダー＆フリーザーGX,102/173,6000,10/4,
100/095,SR,アルセウス＆ディアルガ＆パルキアGX(SA),100/095,90000,10/4,
102/095,SR,アーゴヨン＆アクジキングGX（SA）,102/095,11000,10/4,
104/095,SR,メガミミロップ＆プリンGX(SA),104/095,24000,10/4,
107/095,SR,マオ＆スイレン,107/095,17000,10/4,
108/095,SR,レッド＆グリーン,108/095,12000,10/4,
070/049,HR,ソルガレオ＆ルナアーラGX,070/049,20000,10/4,
071/049,HR,レシラム＆ゼクロムGX,071/049,18000,10/4,
062/049,SR,ラフレシアGX（SA）,062/049,12000,10/4,
063/049,SR,ソルガレオ＆ルナアーラGX（SA）,063/049,40000,10/4,
064/049,SR,レシラム＆ゼクロムGX（SA）,064/049,33000,10/4,
067/049,SR,メイ,067/049,40000,10/4,
068/049,SR,リーリエの全力,068/049,40000,10/4,
052/049,CHR,ポッチャマ,052/049,13000,10/4,
054/049,CHR,ピカチュウ,054/049,40000,10/4,
058/049,CHR,ミミッキュ,058/049,12000,10/4,
066/064,SR,フシギバナ＆ツタージャGX(SA),066/064,24000,10/4,
068/064,SR,リザードン＆テールナーGX(SA),068/064,67000,10/4,
070/064,SR,カメックス＆ポッチャマGX(SA),070/064,75000,10/4,
096/094,SR,ヤドン＆コダックGX(SA),096/094,110000,10/4,
098/094,SR,ミュウツー＆ミュウGX(SA),098/094,260000,10/4,
102/094,SR,メガヤミラミ＆バンギラスGX(SA),102/094,58000,10/4,
104/094,SR,カスミのおねがい,104/094,38000,10/4,
056/054,SR,モクロー＆ナッシーGX（SA）,056/054,22000,10/4,
060/054,SR,ファイヤー＆サンダー＆フリーザーGX(SA),060/054,240000,10/4,
062/054,SR,ムサシとコジロウ,062/054,42000,10/4,
057/054,SR,ライチュウ＆アローラライチュウGX(SA),057/054,100000,10/4,
060/054,SR,ガブリアス＆ギラティナGX(SA),060/054,75000,10/4,
108/095,HR,レシラム＆リザードンGX,108/095,30000,10/4,
097/095,SR,レシラム＆リザードンGX(SA),097/095,170000,10/4,
101/095,SR,マーシャドー＆カイリキーGX(SA),101/095,22000,10/4,
056/054,SR,フェローチェ＆マッシブーンGX(SA),056/054,28000,10/4,
059/054,SR,ルカリオ＆メルメタルGX(SA),059/054,34000,10/4,
061/054,SR,ブルーの探索,061/054,35000,10/4,
067/055,HR,サーナイト＆ニンフィアGX,067/055,25000,10/4,
059/055,SR,ゲッコウガ＆ゾロアークGX(SA),059/055,68000,10/4,
061/055,SR,サーナイト＆ニンフィアGX(SA),061/055,160000,10/4,
112/095,HR,ピカチュウ＆ゼクロムGX,112/095,30000,10/4,
113/095,HR,ゲンガー＆ミミッキュGX,113/095,68000,10/4,
097/095,SR,セレビィ＆フシギバナGX(SA),097/095,58000,10/4,
099/095,SR,コイキング＆ホエルオーGX(SA),099/095,160000,10/4,
101/095,SR,ピカチュウ＆ゼクロムGX(SA),101/095,350000,10/4,
103/095,SR,ゲンガー＆ミミッキュGX(SA),103/095,240000,10/4,
105/095,SR,ラティアス＆ラティオスGX(SA),105/095,420000,10/4,
107/095,SR,エリカのおもてなし,107/095,24000,10/4,
209/150,SSR,リザードンGX,209/150,170000,10/4,
229/150,SSR,ブラッキーGX,229/150,90000,10/4,
238/150,SSR,ニンフィアGX,238/150,38000,10/4,
240/150,SSR,レックウザGX,240/150,95000,10/4,
153/150,SR,シロナ,153/150,18000,10/4,
058/052,SR,ミカン,058/052,10000,10/4,
108/095,HR,ルギアGX,108/095,50000,10/4,
101/095,SR,アカネ,101/095,15000,10/4,
056/050,SR,マツリカ,056/050,9000,10/4,
060/050,HR,ミミッキュGX,060/050,50000,10/4,
065/060,SR,カヒリ,065/060,10000,10/4,
109/096,HR,レックウザGX,109/096,110000,10/4,
104/096,SR,ルチア,104/096,120000,10/4,
073/066,SR,地底探検隊,073/066,12000,10/4,
074/066,SR,TVレポーター,074/066,14000,10/4,
077/066,SR,モノマネむすめ,077/066,20000,10/4,
059/053,SR,ヒガナ,059/053,33000,10/4,
100/094,SR,おじょうさま,100/094,24000,10/4,
101/094,SR,カルネ,101/094,10000,10/4,
102/094,SR,ユリーカ,102/094,10000,10/4,
059/050,HR,ルカリオGX,059/050,20000,10/4,
070/066,SR,ナタネ,070/066,40000,10/4,
072/066,SR,マーズ,072/066,14000,10/4,
070/066,SR,シロナ,070/066,84000,10/4,
118/114,SR,スイレン,118/114,100000,10/4,
119/114,SR,リーリエ,119/114,1000000,10/4,
120/114,SR,ルザミーネ,120/114,160000,10/4,
055/050,SR,グラジオ,055/050,20000,10/4,
055/050,SR,ルザミーネ,055/050,100000,10/4,
080/072,HR,ミュウツーGX,080/072,90000,10/4,
077/072,SR,ポケモンブリーダー,077/072,20000,10/4,
041/072,–,ひかるミュウ,041/072,80000,10/4,
082/072,＊,ミュウツーGX(SR仕様),082/072,420000,10/4,
058/051,HR,リザードンGX,058/051,480000,10/4,
059/051,HR,ホウオウGX,059/051,58000,10/4,
052/051,SR,リザードンGX,052/051,150000,10/4,
057/051,SR,プルメリ,057/051,10000,10/4,
061/051,HR,サーナイトGX,061/051,20000,10/4,
056/051,SR,グズマ,056/051,10000,10/4,
057/051,SR,ビッケ,057/051,25000,10/4,
063/049,HR,ダークライGX,063/049,40000,10/4,
056/049,SR,アセロラ,056/049,600000,10/4,
057/049,SR,マーマネ,057/049,4000,10/4,
055/050,SR,マオ,055/050,50000,10/4,
064/051,HR,ニンフィアGX,064/051,400000,10/4,
057/051,SR,ニンフィアGX,057/051,75000,10/4,
068/060,HR,エーフィGX,068/060,45000,10/4,
062/060,SR,エーフィGX,062/060,24000,10/4,
069/060,HR,ブラッキーGX,069/060,130000,10/4,
063/060,SR,ブラッキーGX,063/060,60000,10/4,
066/060,SR,リーリエ,066/060,550000,10/4,
005/SM-P,PROMO,サッポロのピカチュウ,005/SM-P,180000,10/4,
055/SM-P,PROMO,イースターのピカチュウ,055/SM-P,250000,10/4,
068/SM-P,PROMO,ピカチュウ,068/SM-P,250000,10/4,
088/SM-P,PROMO,トウホクのピカチュウ,088/SM-P,170000,10/4,
137/SM-P,PROMO,ポンチョを着たイーブイ(シャワーズ),137/SM-P,300000,10/4,
138/SM-P,PROMO,ポンチョを着たイーブイ(サンダース),138/SM-P,250000,10/4,
139/SM-P,PROMO,ポンチョを着たイーブイ(ブースター),139/SM-P,250000,10/4,
140/SM-P,PROMO,ポンチョを着たイーブイ(エーフィ),140/SM-P,250000,10/4,
141/SM-P,PROMO,ポンチョを着たイーブイ(ブラッキー),141/SM-P,350000,10/4,
142/SM-P,PROMO,ポンチョを着たイーブイ(リーフィア),142/SM-P,250000,10/4,
143/SM-P,PROMO,ポンチョを着たイーブイ(グレイシア),143/SM-P,200000,10/4,
144/SM-P,PROMO,ポンチョを着たイーブイ(ニンフィア),144/SM-P,300000,10/4,
224/SM-P,PROMO,ピカチュウ,224/SM-P,85000,10/4,
270/SM-P,PROMO,レッドのピカチュウ,270/SM-P,100000,10/4,
280/SM-P,PROMO,ヨコハマのピカチュウ,280/SM-P,160000,10/4,
281/SM-P,PROMO,ヨコハマのピカチュウ,281/SM-P,130000,10/4,
282/SM-P,PROMO,ヨコハマのピカチュウ,282/SM-P,100000,10/4,
283/SM-P,PROMO,ヨコハマのピカチュウ,283/SM-P,80000,10/4,
287/SM-P,PROMO,イーブイ(ムンク),287/SM-P,450000,10/4,
286/SM-P,PROMO,コダック(ムンク),286/SM-P,750000,10/4,
288/SM-P,PROMO,ピカチュウ(ムンク),288/SM-P,1000000,10/4,
289/SM-P,PROMO,ミミッキュ(ムンク),289/SM-P,1500000,10/4,
290/SM-P,PROMO,モクロー(ムンク),290/SM-P,150000,10/4,
297/SM-P,PROMO,イーブイ＆カビゴンGX,297/SM-P,45000,10/4,
325/SM-P,PROMO,お茶会ごっこピカチュウ,325/SM-P,80000,10/4,
381/SM-P,PROMO,ピッピ,381/SM-P,50000,10/4,
407/SM-P,PROMO,漫才ごっこピカチュウ,407/SM-P,85000,10/4,
392/SM-P,PROMO,海で遊ぶピカチュウ,392/SM-P,40000,10/4,
365/SM-P,PROMO,アーマードミュウツー,365/SM-P,65000,10/4,
